priority_rank,priority_score,province,city,school_count,current_geo_node_id,current_geo_confidence,current_urban_node_id,current_urban_confidence,review_reasons,suggested_geo_parent_id,suggested_geo_node_id,suggested_geo_name,suggested_urban_parent_id,suggested_urban_node_id,suggested_urban_name,reviewer_geo_action,reviewer_geo_parent_id,reviewer_geo_node_id,reviewer_geo_name,reviewer_urban_action,reviewer_urban_parent_id,reviewer_urban_node_id,reviewer_urban_name,reviewer_confidence,reviewer_note
1,110125,内蒙古,呼和浩特市,25,,0.0,,0.0,geo_province_or_city_unmatched;low_confidence_or_missing_mapping;urban_tier_unmatched,geo:north_china,geo:reviewed:2d13d2820a,呼和浩特市,urban:tier:strong_capital,urban:reviewed:86bc47e76d,呼和浩特市,,,,,,,,,,
2,110111,香港,香港,11,,0.0,,0.0,geo_province_or_city_unmatched;low_confidence_or_missing_mapping;urban_tier_unmatched,geo:south_china,geo:reviewed:65180f7129,香港,urban:tier:prefecture,urban:reviewed:86f7c048e0,香港,,,,,,,,,,
3,110107,内蒙古,包头市,7,,0.0,,0.0,geo_province_or_city_unmatched;low_confidence_or_missing_mapping;urban_tier_unmatched,geo:north_china,geo:reviewed:06a053f953,包头市,urban:tier:prefecture,urban:reviewed:9c966c75e2,包头市,,,,,,,,,,
4,110106,澳门,澳门,6,,0.0,,0.0,geo_province_or_city_unmatched;low_confidence_or_missing_mapping;urban_tier_unmatched,geo:south_china,geo:reviewed:b7d746a781,澳门,urban:tier:prefecture,urban:reviewed:6d5e2ea2fd,澳门,,,,,,,,,,
5,110105,内蒙古,赤峰市,5,,0.0,,0.0,geo_province_or_city_unmatched;low_confidence_or_missing_mapping;urban_tier_unmatched,geo:north_china,geo:reviewed:37cd660304,赤峰市,urban:tier:prefecture,urban:reviewed:9d45d654f4,赤峰市,,,,,,,,,,
6,110105,内蒙古,鄂尔多斯市,5,,0.0,,0.0,geo_province_or_city_unmatched;low_confidence_or_missing_mapping;urban_tier_unmatched,geo:north_china,geo:reviewed:8e09a8400f,鄂尔多斯市,urban:tier:prefecture,urban:reviewed:9a7a59dfe7,鄂尔多斯市,,,,,,,,,,
7,110105,西藏,拉萨市,5,,0.0,,0.0,geo_province_or_city_unmatched;low_confidence_or_missing_mapping;urban_tier_unmatched,geo:southwest_china,geo:reviewed:8b54f9362a,拉萨市,urban:tier:prefecture,urban:reviewed:6991d8a67d,拉萨市,,,,,,,,,,
8,110104,内蒙古,呼伦贝尔市,4,,0.0,,0.0,geo_province_or_city_unmatched;low_confidence_or_missing_mapping;urban_tier_unmatched,geo:north_china,geo:reviewed:4b1b098a33,呼伦贝尔市,urban:tier:prefecture,urban:reviewed:56f4d806db,呼伦贝尔市,,,,,,,,,,
9,110103,内蒙古,乌兰察布市,3,,0.0,,0.0,geo_province_or_city_unmatched;low_confidence_or_missing_mapping;urban_tier_unmatched,geo:north_china,geo:reviewed:163e9f572d,乌兰察布市,urban:tier:prefecture,urban:reviewed:3221229f27,乌兰察布市,,,,,,,,,,
10,110103,内蒙古,通辽市,3,,0.0,,0.0,geo_province_or_city_unmatched;low_confidence_or_missing_mapping;urban_tier_unmatched,geo:north_china,geo:reviewed:053fccfeff,通辽市,urban:tier:prefecture,urban:reviewed:686f6852d9,通辽市,,,,,,,,,,
11,110102,内蒙古,巴彦淖尔市,2,,0.0,,0.0,geo_province_or_city_unmatched;low_confidence_or_missing_mapping;urban_tier_unmatched,geo:north_china,geo:reviewed:7e882e48fb,巴彦淖尔市,urban:tier:prefecture,urban:reviewed:ce994ad981,巴彦淖尔市,,,,,,,,,,
12,110101,内蒙古,乌海市,1,,0.0,,0.0,geo_province_or_city_unmatched;low_confidence_or_missing_mapping;urban_tier_unmatched,geo:north_china,geo:reviewed:12ee70257e,乌海市,urban:tier:prefecture,urban:reviewed:c93ddeefda,乌海市,,,,,,,,,,
13,110101,内蒙古,兴安盟,1,,0.0,,0.0,geo_province_or_city_unmatched;low_confidence_or_missing_mapping;urban_tier_unmatched,geo:north_china,geo:reviewed:eba9d51b7d,兴安盟,urban:tier:prefecture,urban:reviewed:8fc20f343e,兴安盟,,,,,,,,,,
14,110101,内蒙古,呼伦贝尔市满洲里市,1,,0.0,,0.0,geo_province_or_city_unmatched;low_confidence_or_missing_mapping;urban_tier_unmatched,geo:north_china,geo:reviewed:11ae4fd624,呼伦贝尔市满洲里市,urban:tier:prefecture,urban:reviewed:f319f82a9a,呼伦贝尔市满洲里市,,,,,,,,,,
15,110101,内蒙古,锡林郭勒盟,1,,0.0,,0.0,geo_province_or_city_unmatched;low_confidence_or_missing_mapping;urban_tier_unmatched,geo:north_china,geo:reviewed:19994a3887,锡林郭勒盟,urban:tier:prefecture,urban:reviewed:f30b835886,锡林郭勒盟,,,,,,,,,,
16,110101,内蒙古,阿拉善盟,1,,0.0,,0.0,geo_province_or_city_unmatched;low_confidence_or_missing_mapping;urban_tier_unmatched,geo:north_china,geo:reviewed:0e21f7c809,阿拉善盟,urban:tier:prefecture,urban:reviewed:d049236f9c,阿拉善盟,,,,,,,,,,
17,110101,芬兰,(unknown),1,,0.0,,0.0,geo_province_or_city_unmatched;low_confidence_or_missing_mapping;urban_tier_unmatched,geo:china,geo:reviewed:5fa5ce58bd,(unknown),urban:tier:prefecture,urban:reviewed:16cbecbdc5,(unknown),,,,,,,,,,
18,110101,西藏,林芝市,1,,0.0,,0.0,geo_province_or_city_unmatched;low_confidence_or_missing_mapping;urban_tier_unmatched,geo:southwest_china,geo:reviewed:48f31b9a13,林芝市,urban:tier:prefecture,urban:reviewed:728e8c9503,林芝市,,,,,,,,,,
19,110101,马来西亚,雪兰莪州雪邦,1,,0.0,,0.0,geo_province_or_city_unmatched;low_confidence_or_missing_mapping;urban_tier_unmatched,geo:china,geo:reviewed:967d90fedf,雪兰莪州雪邦,urban:tier:prefecture,urban:reviewed:b29d9d9042,雪兰莪州雪邦,,,,,,,,,,
20,11192,陕西,西安市,92,geo:province:shaanxi,0.6,,0.0,geo_city_not_explicitly_mapped;low_confidence_or_missing_mapping;urban_tier_unmatched,geo:province:shaanxi,geo:reviewed:619ec787af,西安市,urban:tier:new_first,urban:reviewed:42388133b2,西安市,,,,,,,,,,
21,11182,河南,郑州市,82,geo:province:henan,0.6,,0.0,geo_city_not_explicitly_mapped;low_confidence_or_missing_mapping;urban_tier_unmatched,geo:province:henan,geo:reviewed:013c2bcccb,郑州市,urban:tier:new_first,urban:reviewed:0b5e7719d9,郑州市,,,,,,,,,,
22,11164,江西,南昌市,64,geo:province:jiangxi,0.6,,0.0,geo_city_not_explicitly_mapped;low_confidence_or_missing_mapping;urban_tier_unmatched,geo:province:jiangxi,geo:reviewed:669664625f,南昌市,urban:tier:strong_capital,urban:reviewed:eb229352f9,南昌市,,,,,,,,,,
23,11163,湖南,长沙市,63,geo:province:hunan,0.6,,0.0,geo_city_not_explicitly_mapped;low_confidence_or_missing_mapping;urban_tier_unmatched,geo:province:hunan,geo:reviewed:02bae4c467,长沙市,urban:tier:new_first,urban:reviewed:1e8a7abf40,长沙市,,,,,,,,,,
24,11160,黑龙江,哈尔滨市,60,geo:province:heilongjiang,0.6,,0.0,geo_city_not_explicitly_mapped;low_confidence_or_missing_mapping;urban_tier_unmatched,geo:province:heilongjiang,geo:reviewed:9ced1f1927,哈尔滨市,urban:tier:strong_capital,urban:reviewed:e68324568a,哈尔滨市,,,,,,,,,,
25,11157,云南,昆明市,57,geo:province:yunnan,0.6,,0.0,geo_city_not_explicitly_mapped;low_confidence_or_missing_mapping;urban_tier_unmatched,geo:province:yunnan,geo:reviewed:c1413272c9,昆明市,urban:tier:strong_capital,urban:reviewed:6750913c8f,昆明市,,,,,,,,,,
26,11157,河北,石家庄,57,geo:province:hebei,0.6,,0.0,geo_city_not_explicitly_mapped;low_confidence_or_missing_mapping;urban_tier_unmatched,geo:province:hebei,geo:reviewed:1777798b92,石家庄,urban:tier:strong_capital,urban:reviewed:e3ebf8a859,石家庄,,,,,,,,,,
27,11153,山西,太原市,53,geo:province:shanxi,0.6,,0.0,geo_city_not_explicitly_mapped;low_confidence_or_missing_mapping;urban_tier_unmatched,geo:province:shanxi,geo:reviewed:9388cafe5f,太原市,urban:tier:strong_capital,urban:reviewed:449c848081,太原市,,,,,,,,,,
28,11149,吉林,长春市,49,geo:province:jilin,0.6,,0.0,geo_city_not_explicitly_mapped;low_confidence_or_missing_mapping;urban_tier_unmatched,geo:province:jilin,geo:reviewed:7ceb61a3be,长春市,urban:tier:strong_capital,urban:reviewed:06d8747910,长春市,,,,,,,,,,
29,11147,辽宁,沈阳市,47,geo:province:liaoning,0.6,,0.0,geo_city_not_explicitly_mapped;low_confidence_or_missing_mapping;urban_tier_unmatched,geo:province:liaoning,geo:reviewed:fae220f449,沈阳市,urban:tier:new_first,urban:reviewed:7fd7c98541,沈阳市,,,,,,,,,,
30,11144,贵州,贵阳市,44,geo:province:guizhou,0.6,,0.0,geo_city_not_explicitly_mapped;low_confidence_or_missing_mapping;urban_tier_unmatched,geo:province:guizhou,geo:reviewed:691b35ad37,贵阳市,urban:tier:strong_capital,urban:reviewed:9c7ebb0d42,贵阳市,,,,,,,,,,
31,11142,山东,济南市,42,geo:province:shandong,0.6,,0.0,geo_city_not_explicitly_mapped;low_confidence_or_missing_mapping;urban_tier_unmatched,geo:province:shandong,geo:reviewed:580350d744,济南市,urban:tier:strong_capital,urban:reviewed:1c68e17b69,济南市,,,,,,,,,,
32,11142,广西,南宁市,42,geo:province:guangxi,0.6,,0.0,geo_city_not_explicitly_mapped;low_confidence_or_missing_mapping;urban_tier_unmatched,geo:province:guangxi,geo:reviewed:e083696c89,南宁市,urban:tier:strong_capital,urban:reviewed:2b9d166cb7,南宁市,,,,,,,,,,
33,11139,甘肃,兰州市,39,geo:province:gansu,0.6,,0.0,geo_city_not_explicitly_mapped;low_confidence_or_missing_mapping;urban_tier_unmatched,geo:province:gansu,geo:reviewed:7ee4a8a067,兰州市,urban:tier:strong_capital,urban:reviewed:fed9c946f3,兰州市,,,,,,,,,,
34,11139,福建,福州市,39,geo:province:fujian,0.6,,0.0,geo_city_not_explicitly_mapped;low_confidence_or_missing_mapping;urban_tier_unmatched,geo:province:fujian,geo:reviewed:7105e9d289,福州市,urban:tier:strong_capital,urban:reviewed:17e3d8d6b2,福州市,,,,,,,,,,
35,11132,辽宁,大连市,32,geo:province:liaoning,0.6,,0.0,geo_city_not_explicitly_mapped;low_confidence_or_missing_mapping;urban_tier_unmatched,geo:province:liaoning,geo:reviewed:1404cd4420,大连市,urban:tier:new_first,urban:reviewed:1d21bf3b47,大连市,,,,,,,,,,
36,11128,山东,青岛市,28,geo:province:shandong,0.6,,0.0,geo_city_not_explicitly_mapped;low_confidence_or_missing_mapping;urban_tier_unmatched,geo:province:shandong,geo:reviewed:89f895b188,青岛市,urban:tier:new_first,urban:reviewed:810ef37044,青岛市,,,,,,,,,,
37,11127,新疆,乌鲁木齐市,27,geo:province:xinjiang,0.6,,0.0,geo_city_not_explicitly_mapped;low_confidence_or_missing_mapping;urban_tier_unmatched,geo:province:xinjiang,geo:reviewed:bc0f814554,乌鲁木齐市,urban:tier:strong_capital,urban:reviewed:35367f7b15,乌鲁木齐市,,,,,,,,,,
38,11121,山东,烟台市,21,geo:province:shandong,0.6,,0.0,geo_city_not_explicitly_mapped;low_confidence_or_missing_mapping;urban_tier_unmatched,geo:province:shandong,geo:reviewed:b9dbca1ae9,烟台市,urban:tier:prefecture,urban:reviewed:361574c292,烟台市,,,,,,,,,,
39,11120,广西,桂林市,20,geo:province:guangxi,0.6,,0.0,geo_city_not_explicitly_mapped;low_confidence_or_missing_mapping;urban_tier_unmatched,geo:province:guangxi,geo:reviewed:35033dc760,桂林市,urban:tier:prefecture,urban:reviewed:0047c4f731,桂林市,,,,,,,,,,
40,11120,福建,泉州市,20,geo:province:fujian,0.6,,0.0,geo_city_not_explicitly_mapped;low_confidence_or_missing_mapping;urban_tier_unmatched,geo:province:fujian,geo:reviewed:e93894fd48,泉州市,urban:tier:prefecture,urban:reviewed:4e9e48c9d6,泉州市,,,,,,,,,,
41,11119,河北,保定市,19,geo:province:hebei,0.6,,0.0,geo_city_not_explicitly_mapped;low_confidence_or_missing_mapping;urban_tier_unmatched,geo:province:hebei,geo:reviewed:ec1f33f484,保定市,urban:tier:prefecture,urban:reviewed:c311afba24,保定市,,,,,,,,,,
42,11117,宁夏,银川市,17,geo:province:ningxia,0.6,,0.0,geo_city_not_explicitly_mapped;low_confidence_or_missing_mapping;urban_tier_unmatched,geo:province:ningxia,geo:reviewed:a5d208b7aa,银川市,urban:tier:strong_capital,urban:reviewed:c9c060080f,银川市,,,,,,,,,,
43,11117,山东,潍坊市,17,geo:province:shandong,0.6,,0.0,geo_city_not_explicitly_mapped;low_confidence_or_missing_mapping;urban_tier_unmatched,geo:province:shandong,geo:reviewed:f5fad01203,潍坊市,urban:tier:prefecture,urban:reviewed:75bfe4645e,潍坊市,,,,,,,,,,
44,11117,湖南,湘潭市,17,geo:province:hunan,0.6,,0.0,geo_city_not_explicitly_mapped;low_confidence_or_missing_mapping;urban_tier_unmatched,geo:province:hunan,geo:reviewed:f3d18f9855,湘潭市,urban:tier:prefecture,urban:reviewed:0e2edb1a41,湘潭市,,,,,,,,,,
45,11117,福建,厦门市,17,geo:province:fujian,0.6,,0.0,geo_city_not_explicitly_mapped;low_confidence_or_missing_mapping;urban_tier_unmatched,geo:province:fujian,geo:reviewed:232c3a96f6,厦门市,urban:tier:new_first,urban:reviewed:5d49725c87,厦门市,,,,,,,,,,
46,11116,河北,廊坊市,16,geo:province:hebei,0.6,,0.0,geo_city_not_explicitly_mapped;low_confidence_or_missing_mapping;urban_tier_unmatched,geo:province:hebei,geo:reviewed:8d7c87b4d4,廊坊市,urban:tier:prefecture,urban:reviewed:43836e50ef,廊坊市,,,,,,,,,,
47,11114,江苏,徐州,14,geo:province:jiangsu,0.6,,0.0,geo_city_not_explicitly_mapped;low_confidence_or_missing_mapping;urban_tier_unmatched,geo:province:jiangsu,geo:reviewed:bdeb1113c3,徐州,urban:tier:prefecture,urban:reviewed:ee61dea5ad,徐州,,,,,,,,,,
48,11114,江苏,无锡,14,geo:province:jiangsu,0.6,,0.0,geo_city_not_explicitly_mapped;low_confidence_or_missing_mapping;urban_tier_unmatched,geo:province:jiangsu,geo:reviewed:51424f8054,无锡,urban:tier:prefecture,urban:reviewed:ad5d1f56be,无锡,,,,,,,,,,
49,11113,四川,绵阳市,13,geo:province:sichuan,0.6,,0.0,geo_city_not_explicitly_mapped;low_confidence_or_missing_mapping;urban_tier_unmatched,geo:province:sichuan,geo:reviewed:e2784f97b8,绵阳市,urban:tier:prefecture,urban:reviewed:bd4790178f,绵阳市,,,,,,,,,,
50,11113,河北,唐山市,13,geo:province:hebei,0.6,,0.0,geo_city_not_explicitly_mapped;low_confidence_or_missing_mapping;urban_tier_unmatched,geo:province:hebei,geo:reviewed:5f43540d47,唐山市,urban:tier:prefecture,urban:reviewed:d4b471606e,唐山市,,,,,,,,,,
51,11113,海南,海口市,13,geo:province:hainan,0.6,,0.0,geo_city_not_explicitly_mapped;low_confidence_or_missing_mapping;urban_tier_unmatched,geo:province:hainan,geo:reviewed:8649ef7279,海口市,urban:tier:strong_capital,urban:reviewed:052d574591,海口市,,,,,,,,,,
52,11112,安徽,芜湖市,12,geo:province:anhui,0.6,,0.0,geo_city_not_explicitly_mapped;low_confidence_or_missing_mapping;urban_tier_unmatched,geo:province:anhui,geo:reviewed:43aa8becd0,芜湖市,urban:tier:prefecture,urban:reviewed:a9f318aec9,芜湖市,,,,,,,,,,
53,11112,山西,晋中市,12,geo:province:shanxi,0.6,,0.0,geo_city_not_explicitly_mapped;low_confidence_or_missing_mapping;urban_tier_unmatched,geo:province:shanxi,geo:reviewed:addf73f1e0,晋中市,urban:tier:prefecture,urban:reviewed:76c1684c54,晋中市,,,,,,,,,,
54,11112,江西,赣州市,12,geo:province:jiangxi,0.6,,0.0,geo_city_not_explicitly_mapped;low_confidence_or_missing_mapping;urban_tier_unmatched,geo:province:jiangxi,geo:reviewed:59e06f5572,赣州市,urban:tier:prefecture,urban:reviewed:a5a90adbad,赣州市,,,,,,,,,,
55,11112,湖南,衡阳市,12,geo:province:hunan,0.6,,0.0,geo_city_not_explicitly_mapped;low_confidence_or_missing_mapping;urban_tier_unmatched,geo:province:hunan,geo:reviewed:c53d209faa,衡阳市,urban:tier:prefecture,urban:reviewed:68bb27465d,衡阳市,,,,,,,,,,
56,11111,江苏,南通,11,geo:province:jiangsu,0.6,,0.0,geo_city_not_explicitly_mapped;low_confidence_or_missing_mapping;urban_tier_unmatched,geo:province:jiangsu,geo:reviewed:33b4be45f5,南通,urban:tier:prefecture,urban:reviewed:3485f2fa91,南通,,,,,,,,,,
57,11111,江苏,常州,11,geo:province:jiangsu,0.6,,0.0,geo_city_not_explicitly_mapped;low_confidence_or_missing_mapping;urban_tier_unmatched,geo:province:jiangsu,geo:reviewed:368902b492,常州,urban:tier:prefecture,urban:reviewed:9770ccac4b,常州,,,,,,,,,,
58,11111,江苏,镇江,11,geo:province:jiangsu,0.6,,0.0,geo_city_not_explicitly_mapped;low_confidence_or_missing_mapping;urban_tier_unmatched,geo:province:jiangsu,geo:reviewed:74f3c816ff,镇江,urban:tier:prefecture,urban:reviewed:d3c55ad16d,镇江,,,,,,,,,,
59,11111,河北,沧州市,11,geo:province:hebei,0.6,,0.0,geo_city_not_explicitly_mapped;low_confidence_or_missing_mapping;urban_tier_unmatched,geo:province:hebei,geo:reviewed:94b8e73f18,沧州市,urban:tier:prefecture,urban:reviewed:c0f87d8f34,沧州市,,,,,,,,,,
60,11111,河南,新乡市,11,geo:province:henan,0.6,,0.0,geo_city_not_explicitly_mapped;low_confidence_or_missing_mapping;urban_tier_unmatched,geo:province:henan,geo:reviewed:2a10e37a16,新乡市,urban:tier:prefecture,urban:reviewed:aac67a1f86,新乡市,,,,,,,,,,
61,11111,河南,洛阳市,11,geo:province:henan,0.6,,0.0,geo_city_not_explicitly_mapped;low_confidence_or_missing_mapping;urban_tier_unmatched,geo:province:henan,geo:reviewed:9ac84e8dbd,洛阳市,urban:tier:prefecture,urban:reviewed:8bfc7e4d8a,洛阳市,,,,,,,,,,
62,11111,青海,西宁市,11,geo:province:qinghai,0.6,,0.0,geo_city_not_explicitly_mapped;low_confidence_or_missing_mapping;urban_tier_unmatched,geo:province:qinghai,geo:reviewed:89c90a8a0e,西宁市,urban:tier:strong_capital,urban:reviewed:a0d9ae473b,西宁市,,,,,,,,,,
63,11110,四川,德阳市,10,geo:province:sichuan,0.6,,0.0,geo_city_not_explicitly_mapped;low_confidence_or_missing_mapping;urban_tier_unmatched,geo:province:sichuan,geo:reviewed:c023607ac8,德阳市,urban:tier:prefecture,urban:reviewed:ca9f53b825,德阳市,,,,,,,,,,
64,11110,山东,泰安市,10,geo:province:shandong,0.6,,0.0,geo_city_not_explicitly_mapped;low_confidence_or_missing_mapping;urban_tier_unmatched,geo:province:shandong,geo:reviewed:c15ffb5bd1,泰安市,urban:tier:prefecture,urban:reviewed:3469d375a9,泰安市,,,,,,,,,,
65,11110,江苏,泰州,10,geo:province:jiangsu,0.6,,0.0,geo_city_not_explicitly_mapped;low_confidence_or_missing_mapping;urban_tier_unmatched,geo:province:jiangsu,geo:reviewed:05cdaa2f92,泰州,urban:tier:prefecture,urban:reviewed:5b4c4e3e51,泰州,,,,,,,,,,
66,11110,江苏,淮安,10,geo:province:jiangsu,0.6,,0.0,geo_city_not_explicitly_mapped;low_confidence_or_missing_mapping;urban_tier_unmatched,geo:province:jiangsu,geo:reviewed:c2baceb3a7,淮安,urban:tier:prefecture,urban:reviewed:45a1fe31ac,淮安,,,,,,,,,,
67,11110,河北,秦皇岛,10,geo:province:hebei,0.6,,0.0,geo_city_not_explicitly_mapped;low_confidence_or_missing_mapping;urban_tier_unmatched,geo:province:hebei,geo:reviewed:ff89c53046,秦皇岛,urban:tier:prefecture,urban:reviewed:70c32bf53a,秦皇岛,,,,,,,,,,
68,11110,河南,开封市,10,geo:province:henan,0.6,,0.0,geo_city_not_explicitly_mapped;low_confidence_or_missing_mapping;urban_tier_unmatched,geo:province:henan,geo:reviewed:a38fb68a1a,开封市,urban:tier:prefecture,urban:reviewed:3abdc0381c,开封市,,,,,,,,,,
69,11110,浙江,绍兴市,10,geo:province:zhejiang,0.6,,0.0,geo_city_not_explicitly_mapped;low_confidence_or_missing_mapping;urban_tier_unmatched,geo:province:zhejiang,geo:reviewed:d4ec0e1a7e,绍兴市,urban:tier:prefecture,urban:reviewed:a4a965e4e4,绍兴市,,,,,,,,,,
70,11110,浙江,金华市,10,geo:province:zhejiang,0.6,,0.0,geo_city_not_explicitly_mapped;low_confidence_or_missing_mapping;urban_tier_unmatched,geo:province:zhejiang,geo:reviewed:4fef0b3ff8,金华市,urban:tier:prefecture,urban:reviewed:a434eee485,金华市,,,,,,,,,,
71,11110,贵州,黔南布依族苗族自治州,10,geo:province:guizhou,0.6,,0.0,geo_city_not_explicitly_mapped;low_confidence_or_missing_mapping;urban_tier_unmatched,geo:province:guizhou,geo:reviewed:ea20d02c0b,黔南布依族苗族自治州,urban:tier:prefecture,urban:reviewed:0bea8d5ea4,黔南布依族苗族自治州,,,,,,,,,,
72,11110,辽宁,锦州市,10,geo:province:liaoning,0.6,,0.0,geo_city_not_explicitly_mapped;low_confidence_or_missing_mapping;urban_tier_unmatched,geo:province:liaoning,geo:reviewed:c88fda1cf9,锦州市,urban:tier:prefecture,urban:reviewed:ca2cb968dc,锦州市,,,,,,,,,,
73,11109,山东,威海市,9,geo:province:shandong,0.6,,0.0,geo_city_not_explicitly_mapped;low_confidence_or_missing_mapping;urban_tier_unmatched,geo:province:shandong,geo:reviewed:e445b42c9b,威海市,urban:tier:prefecture,urban:reviewed:9b951a890b,威海市,,,,,,,,,,
74,11109,广东,珠海市,9,geo:province:guangdong,0.6,,0.0,geo_city_not_explicitly_mapped;low_confidence_or_missing_mapping;urban_tier_unmatched,geo:province:guangdong,geo:reviewed:f83c79fb17,珠海市,urban:tier:prefecture,urban:reviewed:c1aafc9640,珠海市,,,,,,,,,,
75,11109,江苏,扬州,9,geo:province:jiangsu,0.6,,0.0,geo_city_not_explicitly_mapped;low_confidence_or_missing_mapping;urban_tier_unmatched,geo:province:jiangsu,geo:reviewed:073900bed9,扬州,urban:tier:prefecture,urban:reviewed:7e98a11820,扬州,,,,,,,,,,
76,11109,江西,九江市,9,geo:province:jiangxi,0.6,,0.0,geo_city_not_explicitly_mapped;low_confidence_or_missing_mapping;urban_tier_unmatched,geo:province:jiangxi,geo:reviewed:eb2aba52d9,九江市,urban:tier:prefecture,urban:reviewed:f17df85ae5,九江市,,,,,,,,,,
77,11109,河南,信阳市,9,geo:province:henan,0.6,,0.0,geo_city_not_explicitly_mapped;low_confidence_or_missing_mapping;urban_tier_unmatched,geo:province:henan,geo:reviewed:eff1cdc6be,信阳市,urban:tier:prefecture,urban:reviewed:ed9dd3043f,信阳市,,,,,,,,,,
78,11109,湖北,荆州市,9,geo:province:hubei,0.6,,0.0,geo_city_not_explicitly_mapped;low_confidence_or_missing_mapping;urban_tier_unmatched,geo:province:hubei,geo:reviewed:65ed5b7feb,荆州市,urban:tier:prefecture,urban:reviewed:ec5f97176d,荆州市,,,,,,,,,,
79,11109,湖南,株洲市,9,geo:province:hunan,0.6,,0.0,geo_city_not_explicitly_mapped;low_confidence_or_missing_mapping;urban_tier_unmatched,geo:province:hunan,geo:reviewed:7b05355501,株洲市,urban:tier:prefecture,urban:reviewed:4a03289baa,株洲市,,,,,,,,,,
80,11109,陕西,咸阳市,9,geo:province:shaanxi,0.6,,0.0,geo_city_not_explicitly_mapped;low_confidence_or_missing_mapping;urban_tier_unmatched,geo:province:shaanxi,geo:reviewed:28a6f5a9ef,咸阳市,urban:tier:prefecture,urban:reviewed:1c0d32b3dc,咸阳市,,,,,,,,,,
81,11108,安徽,阜阳市,8,geo:province:anhui,0.6,,0.0,geo_city_not_explicitly_mapped;low_confidence_or_missing_mapping;urban_tier_unmatched,geo:province:anhui,geo:reviewed:dbe53025d5,阜阳市,urban:tier:prefecture,urban:reviewed:1f35dc0ed7,阜阳市,,,,,,,,,,
82,11108,广东,东莞市,8,geo:province:guangdong,0.6,,0.0,geo_city_not_explicitly_mapped;low_confidence_or_missing_mapping;urban_tier_unmatched,geo:province:guangdong,geo:reviewed:6d0cbff076,东莞市,urban:tier:prefecture,urban:reviewed:b4b701cc47,东莞市,,,,,,,,,,
83,11108,江苏,盐城,8,geo:province:jiangsu,0.6,,0.0,geo_city_not_explicitly_mapped;low_confidence_or_missing_mapping;urban_tier_unmatched,geo:province:jiangsu,geo:reviewed:31b0a4e971,盐城,urban:tier:prefecture,urban:reviewed:8b9df35f06,盐城,,,,,,,,,,
84,11108,贵州,遵义市,8,geo:province:guizhou,0.6,,0.0,geo_city_not_explicitly_mapped;low_confidence_or_missing_mapping;urban_tier_unmatched,geo:province:guizhou,geo:reviewed:cd477f8f48,遵义市,urban:tier:prefecture,urban:reviewed:42d30e968c,遵义市,,,,,,,,,,
85,11107,四川,泸州市,7,geo:province:sichuan,0.6,,0.0,geo_city_not_explicitly_mapped;low_confidence_or_missing_mapping;urban_tier_unmatched,geo:province:sichuan,geo:reviewed:b6d9b525bd,泸州市,urban:tier:prefecture,urban:reviewed:05045e49b9,泸州市,,,,,,,,,,
86,11107,安徽,蚌埠市,7,geo:province:anhui,0.6,,0.0,geo_city_not_explicitly_mapped;low_confidence_or_missing_mapping;urban_tier_unmatched,geo:province:anhui,geo:reviewed:03f87d4f66,蚌埠市,urban:tier:prefecture,urban:reviewed:603b55565c,蚌埠市,,,,,,,,,,
87,11107,山西,运城市,7,geo:province:shanxi,0.6,,0.0,geo_city_not_explicitly_mapped;low_confidence_or_missing_mapping;urban_tier_unmatched,geo:province:shanxi,geo:reviewed:94f274bc95,运城市,urban:tier:prefecture,urban:reviewed:d4763b736d,运城市,,,,,,,,,,
88,11107,广东,湛江市,7,geo:province:guangdong,0.6,,0.0,geo_city_not_explicitly_mapped;low_confidence_or_missing_mapping;urban_tier_unmatched,geo:province:guangdong,geo:reviewed:cb22b445fb,湛江市,urban:tier:prefecture,urban:reviewed:77671cd005,湛江市,,,,,,,,,,
89,11107,广东,肇庆市,7,geo:province:guangdong,0.6,,0.0,geo_city_not_explicitly_mapped;low_confidence_or_missing_mapping;urban_tier_unmatched,geo:province:guangdong,geo:reviewed:1f85dee6d0,肇庆市,urban:tier:prefecture,urban:reviewed:82e3650af8,肇庆市,,,,,,,,,,
90,11107,广西,崇左市,7,geo:province:guangxi,0.6,,0.0,geo_city_not_explicitly_mapped;low_confidence_or_missing_mapping;urban_tier_unmatched,geo:province:guangxi,geo:reviewed:fff4594b9f,崇左市,urban:tier:prefecture,urban:reviewed:6f143a94cd,崇左市,,,,,,,,,,
91,11107,广西,柳州市,7,geo:province:guangxi,0.6,,0.0,geo_city_not_explicitly_mapped;low_confidence_or_missing_mapping;urban_tier_unmatched,geo:province:guangxi,geo:reviewed:bd5c84a54f,柳州市,urban:tier:prefecture,urban:reviewed:b5729af969,柳州市,,,,,,,,,,
92,11107,河北,邯郸市,7,geo:province:hebei,0.6,,0.0,geo_city_not_explicitly_mapped;low_confidence_or_missing_mapping;urban_tier_unmatched,geo:province:hebei,geo:reviewed:236fdc2baa,邯郸市,urban:tier:prefecture,urban:reviewed:caf7a13964,邯郸市,,,,,,,,,,
93,11107,浙江,嘉兴市,7,geo:province:zhejiang,0.6,,0.0,geo_city_not_explicitly_mapped;low_confidence_or_missing_mapping;urban_tier_unmatched,geo:province:zhejiang,geo:reviewed:6f30c54c15,嘉兴市,urban:tier:prefecture,urban:reviewed:e0e7cf0e1b,嘉兴市,,,,,,,,,,
94,11107,福建,漳州市,7,geo:province:fujian,0.6,,0.0,geo_city_not_explicitly_mapped;low_confidence_or_missing_mapping;urban_tier_unmatched,geo:province:fujian,geo:reviewed:3dbdeaf3ac,漳州市,urban:tier:prefecture,urban:reviewed:d3a836a7d6,漳州市,,,,,,,,,,
95,11107,黑龙江,牡丹江市,7,geo:province:heilongjiang,0.6,,0.0,geo_city_not_explicitly_mapped;low_confidence_or_missing_mapping;urban_tier_unmatched,geo:province:heilongjiang,geo:reviewed:5c4f4e5e7f,牡丹江市,urban:tier:prefecture,urban:reviewed:874e007a91,牡丹江市,,,,,,,,,,
96,11106,安徽,马鞍山市,6,geo:province:anhui,0.6,,0.0,geo_city_not_explicitly_mapped;low_confidence_or_missing_mapping;urban_tier_unmatched,geo:province:anhui,geo:reviewed:cba21b3d59,马鞍山市,urban:tier:prefecture,urban:reviewed:79d53f1d86,马鞍山市,,,,,,,,,,
97,11106,山东,济宁市,6,geo:province:shandong,0.6,,0.0,geo_city_not_explicitly_mapped;low_confidence_or_missing_mapping;urban_tier_unmatched,geo:province:shandong,geo:reviewed:c52326966e,济宁市,urban:tier:prefecture,urban:reviewed:fbf7f2b1d0,济宁市,,,,,,,,,,
98,11106,山东,淄博市,6,geo:province:shandong,0.6,,0.0,geo_city_not_explicitly_mapped;low_confidence_or_missing_mapping;urban_tier_unmatched,geo:province:shandong,geo:reviewed:6da1aac161,淄博市,urban:tier:prefecture,urban:reviewed:720ba26f0c,淄博市,,,,,,,,,,
99,11106,山西,临汾市,6,geo:province:shanxi,0.6,,0.0,geo_city_not_explicitly_mapped;low_confidence_or_missing_mapping;urban_tier_unmatched,geo:province:shanxi,geo:reviewed:9cbde363e1,临汾市,urban:tier:prefecture,urban:reviewed:0aa26a1857,临汾市,,,,,,,,,,
100,11106,山西,长治市,6,geo:province:shanxi,0.6,,0.0,geo_city_not_explicitly_mapped;low_confidence_or_missing_mapping;urban_tier_unmatched,geo:province:shanxi,geo:reviewed:48786c24ff,长治市,urban:tier:prefecture,urban:reviewed:edae48b21e,长治市,,,,,,,,,,
101,11106,广东,佛山市,6,geo:province:guangdong,0.6,,0.0,geo_city_not_explicitly_mapped;low_confidence_or_missing_mapping;urban_tier_unmatched,geo:province:guangdong,geo:reviewed:c5117798b6,佛山市,urban:tier:prefecture,urban:reviewed:97ea848e17,佛山市,,,,,,,,,,
102,11106,江苏,连云港,6,geo:province:jiangsu,0.6,,0.0,geo_city_not_explicitly_mapped;low_confidence_or_missing_mapping;urban_tier_unmatched,geo:province:jiangsu,geo:reviewed:a900a550ed,连云港,urban:tier:prefecture,urban:reviewed:1716fe273a,连云港,,,,,,,,,,
103,11106,江西,上饶市,6,geo:province:jiangxi,0.6,,0.0,geo_city_not_explicitly_mapped;low_confidence_or_missing_mapping;urban_tier_unmatched,geo:province:jiangxi,geo:reviewed:6727f6ffaa,上饶市,urban:tier:prefecture,urban:reviewed:17217be8f2,上饶市,,,,,,,,,,
104,11106,江西,景德镇,6,geo:province:jiangxi,0.6,,0.0,geo_city_not_explicitly_mapped;low_confidence_or_missing_mapping;urban_tier_unmatched,geo:province:jiangxi,geo:reviewed:333f3cd437,景德镇,urban:tier:prefecture,urban:reviewed:07c972ba98,景德镇,,,,,,,,,,
105,11106,河北,承德市,6,geo:province:hebei,0.6,,0.0,geo_city_not_explicitly_mapped;low_confidence_or_missing_mapping;urban_tier_unmatched,geo:province:hebei,geo:reviewed:a0598de4e1,承德市,urban:tier:prefecture,urban:reviewed:eef2fc0fb3,承德市,,,,,,,,,,
106,11106,河南,南阳市,6,geo:province:henan,0.6,,0.0,geo_city_not_explicitly_mapped;low_confidence_or_missing_mapping;urban_tier_unmatched,geo:province:henan,geo:reviewed:724fd74493,南阳市,urban:tier:prefecture,urban:reviewed:6e86a56c65,南阳市,,,,,,,,,,
107,11106,河南,商丘市,6,geo:province:henan,0.6,,0.0,geo_city_not_explicitly_mapped;low_confidence_or_missing_mapping;urban_tier_unmatched,geo:province:henan,geo:reviewed:e061459418,商丘市,urban:tier:prefecture,urban:reviewed:8d9147648b,商丘市,,,,,,,,,,
108,11106,河南,安阳市,6,geo:province:henan,0.6,,0.0,geo_city_not_explicitly_mapped;low_confidence_or_missing_mapping;urban_tier_unmatched,geo:province:henan,geo:reviewed:8d45fe894e,安阳市,urban:tier:prefecture,urban:reviewed:05b5d6ece2,安阳市,,,,,,,,,,
109,11106,河南,平顶山市,6,geo:province:henan,0.6,,0.0,geo_city_not_explicitly_mapped;low_confidence_or_missing_mapping;urban_tier_unmatched,geo:province:henan,geo:reviewed:28eed80420,平顶山市,urban:tier:prefecture,urban:reviewed:5dc361d50c,平顶山市,,,,,,,,,,
110,11106,河南,焦作市,6,geo:province:henan,0.6,,0.0,geo_city_not_explicitly_mapped;low_confidence_or_missing_mapping;urban_tier_unmatched,geo:province:henan,geo:reviewed:eaf027055b,焦作市,urban:tier:prefecture,urban:reviewed:51149abc6a,焦作市,,,,,,,,,,
111,11106,海南,三亚市,6,geo:province:hainan,0.6,,0.0,geo_city_not_explicitly_mapped;low_confidence_or_missing_mapping;urban_tier_unmatched,geo:province:hainan,geo:reviewed:62366b8e82,三亚市,urban:tier:prefecture,urban:reviewed:9c2eefca32,三亚市,,,,,,,,,,
112,11106,湖北,十堰市,6,geo:province:hubei,0.6,,0.0,geo_city_not_explicitly_mapped;low_confidence_or_missing_mapping;urban_tier_unmatched,geo:province:hubei,geo:reviewed:7e42458947,十堰市,urban:tier:prefecture,urban:reviewed:79e8a6c69f,十堰市,,,,,,,,,,
113,11106,湖北,宜昌市,6,geo:province:hubei,0.6,,0.0,geo_city_not_explicitly_mapped;low_confidence_or_missing_mapping;urban_tier_unmatched,geo:province:hubei,geo:reviewed:aba04dfdc8,宜昌市,urban:tier:prefecture,urban:reviewed:6fe912de10,宜昌市,,,,,,,,,,
114,11106,湖南,常德市,6,geo:province:hunan,0.6,,0.0,geo_city_not_explicitly_mapped;low_confidence_or_missing_mapping;urban_tier_unmatched,geo:province:hunan,geo:reviewed:55a887cd65,常德市,urban:tier:prefecture,urban:reviewed:5cf582b81f,常德市,,,,,,,,,,
115,11106,贵州,毕节市,6,geo:province:guizhou,0.6,,0.0,geo_city_not_explicitly_mapped;low_confidence_or_missing_mapping;urban_tier_unmatched,geo:province:guizhou,geo:reviewed:e92ceaaea7,毕节市,urban:tier:prefecture,urban:reviewed:0ba6551511,毕节市,,,,,,,,,,
116,11106,陕西,宝鸡市,6,geo:province:shaanxi,0.6,,0.0,geo_city_not_explicitly_mapped;low_confidence_or_missing_mapping;urban_tier_unmatched,geo:province:shaanxi,geo:reviewed:e8cf26e2b0,宝鸡市,urban:tier:prefecture,urban:reviewed:883391b5ae,宝鸡市,,,,,,,,,,
117,11106,黑龙江,大庆市,6,geo:province:heilongjiang,0.6,,0.0,geo_city_not_explicitly_mapped;low_confidence_or_missing_mapping;urban_tier_unmatched,geo:province:heilongjiang,geo:reviewed:4f0ef8f790,大庆市,urban:tier:prefecture,urban:reviewed:69f3bc6c94,大庆市,,,,,,,,,,
118,11106,黑龙江,齐齐哈尔市,6,geo:province:heilongjiang,0.6,,0.0,geo_city_not_explicitly_mapped;low_confidence_or_missing_mapping;urban_tier_unmatched,geo:province:heilongjiang,geo:reviewed:2bc1d379c7,齐齐哈尔市,urban:tier:prefecture,urban:reviewed:295ca1ded3,齐齐哈尔市,,,,,,,,,,
119,11105,四川,南充市,5,geo:province:sichuan,0.6,,0.0,geo_city_not_explicitly_mapped;low_confidence_or_missing_mapping;urban_tier_unmatched,geo:province:sichuan,geo:reviewed:b70b5c7958,南充市,urban:tier:prefecture,urban:reviewed:f69c6ff90c,南充市,,,,,,,,,,
120,11105,四川,眉山市,5,geo:province:sichuan,0.6,,0.0,geo_city_not_explicitly_mapped;low_confidence_or_missing_mapping;urban_tier_unmatched,geo:province:sichuan,geo:reviewed:851e9274a0,眉山市,urban:tier:prefecture,urban:reviewed:30716d92ff,眉山市,,,,,,,,,,
121,11105,安徽,六安市,5,geo:province:anhui,0.6,,0.0,geo_city_not_explicitly_mapped;low_confidence_or_missing_mapping;urban_tier_unmatched,geo:province:anhui,geo:reviewed:25c39bac4b,六安市,urban:tier:prefecture,urban:reviewed:288ce8e20d,六安市,,,,,,,,,,
122,11105,安徽,安庆市,5,geo:province:anhui,0.6,,0.0,geo_city_not_explicitly_mapped;low_confidence_or_missing_mapping;urban_tier_unmatched,geo:province:anhui,geo:reviewed:d29c8c5f0a,安庆市,urban:tier:prefecture,urban:reviewed:2cd1c684df,安庆市,,,,,,,,,,
123,11105,安徽,淮北市,5,geo:province:anhui,0.6,,0.0,geo_city_not_explicitly_mapped;low_confidence_or_missing_mapping;urban_tier_unmatched,geo:province:anhui,geo:reviewed:909e60158f,淮北市,urban:tier:prefecture,urban:reviewed:6e9d26fd77,淮北市,,,,,,,,,,
124,11105,安徽,淮南市,5,geo:province:anhui,0.6,,0.0,geo_city_not_explicitly_mapped;low_confidence_or_missing_mapping;urban_tier_unmatched,geo:province:anhui,geo:reviewed:13f10c4f45,淮南市,urban:tier:prefecture,urban:reviewed:ff3d457fa0,淮南市,,,,,,,,,,
125,11105,山东,东营市,5,geo:province:shandong,0.6,,0.0,geo_city_not_explicitly_mapped;low_confidence_or_missing_mapping;urban_tier_unmatched,geo:province:shandong,geo:reviewed:2414a541f7,东营市,urban:tier:prefecture,urban:reviewed:9d88f5dcbb,东营市,,,,,,,,,,
126,11105,山东,临沂市,5,geo:province:shandong,0.6,,0.0,geo_city_not_explicitly_mapped;low_confidence_or_missing_mapping;urban_tier_unmatched,geo:province:shandong,geo:reviewed:0274518993,临沂市,urban:tier:prefecture,urban:reviewed:17515b17d5,临沂市,,,,,,,,,,
127,11105,山东,菏泽市,5,geo:province:shandong,0.6,,0.0,geo_city_not_explicitly_mapped;low_confidence_or_missing_mapping;urban_tier_unmatched,geo:province:shandong,geo:reviewed:5dc683b793,菏泽市,urban:tier:prefecture,urban:reviewed:157c57ceb9,菏泽市,,,,,,,,,,
128,11105,广东,惠州市,5,geo:province:guangdong,0.6,,0.0,geo_city_not_explicitly_mapped;low_confidence_or_missing_mapping;urban_tier_unmatched,geo:province:guangdong,geo:reviewed:94e71edcc6,惠州市,urban:tier:prefecture,urban:reviewed:c9dcc5e10a,惠州市,,,,,,,,,,
129,11105,广东,汕头市,5,geo:province:guangdong,0.6,,0.0,geo_city_not_explicitly_mapped;low_confidence_or_missing_mapping;urban_tier_unmatched,geo:province:guangdong,geo:reviewed:61b8d4ca3f,汕头市,urban:tier:prefecture,urban:reviewed:937a49a131,汕头市,,,,,,,,,,
130,11105,广东,江门市,5,geo:province:guangdong,0.6,,0.0,geo_city_not_explicitly_mapped;low_confidence_or_missing_mapping;urban_tier_unmatched,geo:province:guangdong,geo:reviewed:352ce98768,江门市,urban:tier:prefecture,urban:reviewed:76480a3413,江门市,,,,,,,,,,
131,11105,广东,茂名市,5,geo:province:guangdong,0.6,,0.0,geo_city_not_explicitly_mapped;low_confidence_or_missing_mapping;urban_tier_unmatched,geo:province:guangdong,geo:reviewed:9e3a8609bb,茂名市,urban:tier:prefecture,urban:reviewed:e15f0ab3a8,茂名市,,,,,,,,,,
132,11105,江西,宜春市,5,geo:province:jiangxi,0.6,,0.0,geo_city_not_explicitly_mapped;low_confidence_or_missing_mapping;urban_tier_unmatched,geo:province:jiangxi,geo:reviewed:dd15dacc5a,宜春市,urban:tier:prefecture,urban:reviewed:c4b6db85a5,宜春市,,,,,,,,,,
133,11105,江西,抚州市,5,geo:province:jiangxi,0.6,,0.0,geo_city_not_explicitly_mapped;low_confidence_or_missing_mapping;urban_tier_unmatched,geo:province:jiangxi,geo:reviewed:af737ee941,抚州市,urban:tier:prefecture,urban:reviewed:6c90ceb55f,抚州市,,,,,,,,,,
134,11105,江西,新余市,5,geo:province:jiangxi,0.6,,0.0,geo_city_not_explicitly_mapped;low_confidence_or_missing_mapping;urban_tier_unmatched,geo:province:jiangxi,geo:reviewed:1eea2b983f,新余市,urban:tier:prefecture,urban:reviewed:ce24032272,新余市,,,,,,,,,,
135,11105,河北,张家口市,5,geo:province:hebei,0.6,,0.0,geo_city_not_explicitly_mapped;low_confidence_or_missing_mapping;urban_tier_unmatched,geo:province:hebei,geo:reviewed:aec82fbbf2,张家口市,urban:tier:prefecture,urban:reviewed:20911d8f21,张家口市,,,,,,,,,,
136,11105,河北,邢台市,5,geo:province:hebei,0.6,,0.0,geo_city_not_explicitly_mapped;low_confidence_or_missing_mapping;urban_tier_unmatched,geo:province:hebei,geo:reviewed:28c81e7cec,邢台市,urban:tier:prefecture,urban:reviewed:1acfa2293e,邢台市,,,,,,,,,,
137,11105,浙江,湖州市,5,geo:province:zhejiang,0.6,,0.0,geo_city_not_explicitly_mapped;low_confidence_or_missing_mapping;urban_tier_unmatched,geo:province:zhejiang,geo:reviewed:5374f3b592,湖州市,urban:tier:prefecture,urban:reviewed:bd95f3488a,湖州市,,,,,,,,,,
138,11105,浙江,舟山市,5,geo:province:zhejiang,0.6,,0.0,geo_city_not_explicitly_mapped;low_confidence_or_missing_mapping;urban_tier_unmatched,geo:province:zhejiang,geo:reviewed:e6b357dedc,舟山市,urban:tier:prefecture,urban:reviewed:3067e7b86a,舟山市,,,,,,,,,,
139,11105,湖北,恩施土家族苗族自治州,5,geo:province:hubei,0.6,,0.0,geo_city_not_explicitly_mapped;low_confidence_or_missing_mapping;urban_tier_unmatched,geo:province:hubei,geo:reviewed:39eaa76d27,恩施土家族苗族自治州,urban:tier:prefecture,urban:reviewed:8e257203be,恩施土家族苗族自治州,,,,,,,,,,
140,11105,湖北,黄冈市,5,geo:province:hubei,0.6,,0.0,geo_city_not_explicitly_mapped;low_confidence_or_missing_mapping;urban_tier_unmatched,geo:province:hubei,geo:reviewed:99f4cd318c,黄冈市,urban:tier:prefecture,urban:reviewed:05f11ea895,黄冈市,,,,,,,,,,
141,11105,湖南,岳阳市,5,geo:province:hunan,0.6,,0.0,geo_city_not_explicitly_mapped;low_confidence_or_missing_mapping;urban_tier_unmatched,geo:province:hunan,geo:reviewed:4f34b26a39,岳阳市,urban:tier:prefecture,urban:reviewed:028b6e7d42,岳阳市,,,,,,,,,,
142,11105,贵州,铜仁市,5,geo:province:guizhou,0.6,,0.0,geo_city_not_explicitly_mapped;low_confidence_or_missing_mapping;urban_tier_unmatched,geo:province:guizhou,geo:reviewed:42ea7c5440,铜仁市,urban:tier:prefecture,urban:reviewed:87e1c9e51c,铜仁市,,,,,,,,,,
143,11104,云南,大理白族自治州,4,geo:province:yunnan,0.6,,0.0,geo_city_not_explicitly_mapped;low_confidence_or_missing_mapping;urban_tier_unmatched,geo:province:yunnan,geo:reviewed:67545661ef,大理白族自治州,urban:tier:prefecture,urban:reviewed:e57975e6c1,大理白族自治州,,,,,,,,,,
144,11104,云南,曲靖市,4,geo:province:yunnan,0.6,,0.0,geo_city_not_explicitly_mapped;low_confidence_or_missing_mapping;urban_tier_unmatched,geo:province:yunnan,geo:reviewed:ab747cd425,曲靖市,urban:tier:prefecture,urban:reviewed:66a99604c0,曲靖市,,,,,,,,,,
145,11104,吉林,四平市,4,geo:province:jilin,0.6,,0.0,geo_city_not_explicitly_mapped;low_confidence_or_missing_mapping;urban_tier_unmatched,geo:province:jilin,geo:reviewed:4f85d337d4,四平市,urban:tier:prefecture,urban:reviewed:12b597e221,四平市,,,,,,,,,,
146,11104,四川,内江市,4,geo:province:sichuan,0.6,,0.0,geo_city_not_explicitly_mapped;low_confidence_or_missing_mapping;urban_tier_unmatched,geo:province:sichuan,geo:reviewed:4c2f22e1c4,内江市,urban:tier:prefecture,urban:reviewed:7d45d7e3a6,内江市,,,,,,,,,,
147,11104,四川,宜宾市,4,geo:province:sichuan,0.6,,0.0,geo_city_not_explicitly_mapped;low_confidence_or_missing_mapping;urban_tier_unmatched,geo:province:sichuan,geo:reviewed:ef6e9608f9,宜宾市,urban:tier:prefecture,urban:reviewed:ff33d41dab,宜宾市,,,,,,,,,,
148,11104,安徽,宿州市,4,geo:province:anhui,0.6,,0.0,geo_city_not_explicitly_mapped;low_confidence_or_missing_mapping;urban_tier_unmatched,geo:province:anhui,geo:reviewed:52d97aa34a,宿州市,urban:tier:prefecture,urban:reviewed:ecdef79748,宿州市,,,,,,,,,,
149,11104,安徽,滁州市,4,geo:province:anhui,0.6,,0.0,geo_city_not_explicitly_mapped;low_confidence_or_missing_mapping;urban_tier_unmatched,geo:province:anhui,geo:reviewed:f5d0a43212,滁州市,urban:tier:prefecture,urban:reviewed:4fb732e5f2,滁州市,,,,,,,,,,
150,11104,山东,德州市,4,geo:province:shandong,0.6,,0.0,geo_city_not_explicitly_mapped;low_confidence_or_missing_mapping;urban_tier_unmatched,geo:province:shandong,geo:reviewed:d06cab93df,德州市,urban:tier:prefecture,urban:reviewed:392bc25c28,德州市,,,,,,,,,,
151,11104,山东,日照市,4,geo:province:shandong,0.6,,0.0,geo_city_not_explicitly_mapped;low_confidence_or_missing_mapping;urban_tier_unmatched,geo:province:shandong,geo:reviewed:499663ff4b,日照市,urban:tier:prefecture,urban:reviewed:12bc01d01c,日照市,,,,,,,,,,
152,11104,山东,聊城市,4,geo:province:shandong,0.6,,0.0,geo_city_not_explicitly_mapped;low_confidence_or_missing_mapping;urban_tier_unmatched,geo:province:shandong,geo:reviewed:505f931f99,聊城市,urban:tier:prefecture,urban:reviewed:875a95eb40,聊城市,,,,,,,,,,
153,11104,山西,大同市,4,geo:province:shanxi,0.6,,0.0,geo_city_not_explicitly_mapped;low_confidence_or_missing_mapping;urban_tier_unmatched,geo:province:shanxi,geo:reviewed:9f248d4ee5,大同市,urban:tier:prefecture,urban:reviewed:0a7f502c3b,大同市,,,,,,,,,,
154,11104,广西,北海市,4,geo:province:guangxi,0.6,,0.0,geo_city_not_explicitly_mapped;low_confidence_or_missing_mapping;urban_tier_unmatched,geo:province:guangxi,geo:reviewed:349b1e5ebe,北海市,urban:tier:prefecture,urban:reviewed:2f67be8522,北海市,,,,,,,,,,
155,11104,广西,百色市,4,geo:province:guangxi,0.6,,0.0,geo_city_not_explicitly_mapped;low_confidence_or_missing_mapping;urban_tier_unmatched,geo:province:guangxi,geo:reviewed:5823009b97,百色市,urban:tier:prefecture,urban:reviewed:a992191ed2,百色市,,,,,,,,,,
156,11104,新疆,石河子市,4,geo:province:xinjiang,0.6,,0.0,geo_city_not_explicitly_mapped;low_confidence_or_missing_mapping;urban_tier_unmatched,geo:province:xinjiang,geo:reviewed:21df974f7c,石河子市,urban:tier:prefecture,urban:reviewed:6f4fd03eb5,石河子市,,,,,,,,,,
157,11104,江西,萍乡市,4,geo:province:jiangxi,0.6,,0.0,geo_city_not_explicitly_mapped;low_confidence_or_missing_mapping;urban_tier_unmatched,geo:province:jiangxi,geo:reviewed:5c01847dd6,萍乡市,urban:tier:prefecture,urban:reviewed:57b6586a13,萍乡市,,,,,,,,,,
158,11104,河南,周口市,4,geo:province:henan,0.6,,0.0,geo_city_not_explicitly_mapped;low_confidence_or_missing_mapping;urban_tier_unmatched,geo:province:henan,geo:reviewed:0ccddb3047,周口市,urban:tier:prefecture,urban:reviewed:90da8163bc,周口市,,,,,,,,,,
159,11104,河南,许昌市,4,geo:province:henan,0.6,,0.0,geo_city_not_explicitly_mapped;low_confidence_or_missing_mapping;urban_tier_unmatched,geo:province:henan,geo:reviewed:fe18915dd0,许昌市,urban:tier:prefecture,urban:reviewed:f7d143d848,许昌市,,,,,,,,,,
160,11104,浙江,台州市,4,geo:province:zhejiang,0.6,,0.0,geo_city_not_explicitly_mapped;low_confidence_or_missing_mapping;urban_tier_unmatched,geo:province:zhejiang,geo:reviewed:a0a9f51c68,台州市,urban:tier:prefecture,urban:reviewed:4aaed56e54,台州市,,,,,,,,,,
161,11104,湖北,咸宁市,4,geo:province:hubei,0.6,,0.0,geo_city_not_explicitly_mapped;low_confidence_or_missing_mapping;urban_tier_unmatched,geo:province:hubei,geo:reviewed:ae6daae691,咸宁市,urban:tier:prefecture,urban:reviewed:a07a3c6d93,咸宁市,,,,,,,,,,
162,11104,湖北,孝感市,4,geo:province:hubei,0.6,,0.0,geo_city_not_explicitly_mapped;low_confidence_or_missing_mapping;urban_tier_unmatched,geo:province:hubei,geo:reviewed:42c29729d3,孝感市,urban:tier:prefecture,urban:reviewed:cc6af007a3,孝感市,,,,,,,,,,
163,11104,湖北,襄阳市,4,geo:province:hubei,0.6,,0.0,geo_city_not_explicitly_mapped;low_confidence_or_missing_mapping;urban_tier_unmatched,geo:province:hubei,geo:reviewed:934491093d,襄阳市,urban:tier:prefecture,urban:reviewed:3dc86e6345,襄阳市,,,,,,,,,,
164,11104,湖北,黄石市,4,geo:province:hubei,0.6,,0.0,geo_city_not_explicitly_mapped;low_confidence_or_missing_mapping;urban_tier_unmatched,geo:province:hubei,geo:reviewed:2f830057bb,黄石市,urban:tier:prefecture,urban:reviewed:667bb1969a,黄石市,,,,,,,,,,
165,11104,湖南,怀化市,4,geo:province:hunan,0.6,,0.0,geo_city_not_explicitly_mapped;low_confidence_or_missing_mapping;urban_tier_unmatched,geo:province:hunan,geo:reviewed:04bce0e885,怀化市,urban:tier:prefecture,urban:reviewed:c215a4750e,怀化市,,,,,,,,,,
166,11104,湖南,永州市,4,geo:province:hunan,0.6,,0.0,geo_city_not_explicitly_mapped;low_confidence_or_missing_mapping;urban_tier_unmatched,geo:province:hunan,geo:reviewed:4bc47e3826,永州市,urban:tier:prefecture,urban:reviewed:7131888c30,永州市,,,,,,,,,,
167,11104,湖南,益阳市,4,geo:province:hunan,0.6,,0.0,geo_city_not_explicitly_mapped;low_confidence_or_missing_mapping;urban_tier_unmatched,geo:province:hunan,geo:reviewed:0353f0a102,益阳市,urban:tier:prefecture,urban:reviewed:380edefb0a,益阳市,,,,,,,,,,
168,11104,湖南,邵阳市,4,geo:province:hunan,0.6,,0.0,geo_city_not_explicitly_mapped;low_confidence_or_missing_mapping;urban_tier_unmatched,geo:province:hunan,geo:reviewed:2e74b8fe5c,邵阳市,urban:tier:prefecture,urban:reviewed:c33c8e332c,邵阳市,,,,,,,,,,
169,11104,甘肃,天水市,4,geo:province:gansu,0.6,,0.0,geo_city_not_explicitly_mapped;low_confidence_or_missing_mapping;urban_tier_unmatched,geo:province:gansu,geo:reviewed:5855b72cae,天水市,urban:tier:prefecture,urban:reviewed:6b1f7b9182,天水市,,,,,,,,,,
170,11104,福建,南平市,4,geo:province:fujian,0.6,,0.0,geo_city_not_explicitly_mapped;low_confidence_or_missing_mapping;urban_tier_unmatched,geo:province:fujian,geo:reviewed:a18cae6d24,南平市,urban:tier:prefecture,urban:reviewed:a545c12752,南平市,,,,,,,,,,
171,11104,辽宁,抚顺市,4,geo:province:liaoning,0.6,,0.0,geo_city_not_explicitly_mapped;low_confidence_or_missing_mapping;urban_tier_unmatched,geo:province:liaoning,geo:reviewed:544277f5a5,抚顺市,urban:tier:prefecture,urban:reviewed:0b690c56a7,抚顺市,,,,,,,,,,
172,11104,辽宁,铁岭市,4,geo:province:liaoning,0.6,,0.0,geo_city_not_explicitly_mapped;low_confidence_or_missing_mapping;urban_tier_unmatched,geo:province:liaoning,geo:reviewed:8ce5d87967,铁岭市,urban:tier:prefecture,urban:reviewed:89a64fc706,铁岭市,,,,,,,,,,
173,11104,陕西,榆林市,4,geo:province:shaanxi,0.6,,0.0,geo_city_not_explicitly_mapped;low_confidence_or_missing_mapping;urban_tier_unmatched,geo:province:shaanxi,geo:reviewed:f620881f5a,榆林市,urban:tier:prefecture,urban:reviewed:83252e1a58,榆林市,,,,,,,,,,
174,11104,黑龙江,佳木斯市,4,geo:province:heilongjiang,0.6,,0.0,geo_city_not_explicitly_mapped;low_confidence_or_missing_mapping;urban_tier_unmatched,geo:province:heilongjiang,geo:reviewed:be47aa8022,佳木斯市,urban:tier:prefecture,urban:reviewed:e163a6187b,佳木斯市,,,,,,,,,,
175,11103,云南,丽江市,3,geo:province:yunnan,0.6,,0.0,geo_city_not_explicitly_mapped;low_confidence_or_missing_mapping;urban_tier_unmatched,geo:province:yunnan,geo:reviewed:77efa1a4b7,丽江市,urban:tier:prefecture,urban:reviewed:369a897cb5,丽江市,,,,,,,,,,
176,11103,云南,楚雄彝族自治州,3,geo:province:yunnan,0.6,,0.0,geo_city_not_explicitly_mapped;low_confidence_or_missing_mapping;urban_tier_unmatched,geo:province:yunnan,geo:reviewed:5c2e42087f,楚雄彝族自治州,urban:tier:prefecture,urban:reviewed:ce44895567,楚雄彝族自治州,,,,,,,,,,
177,11103,云南,玉溪市,3,geo:province:yunnan,0.6,,0.0,geo_city_not_explicitly_mapped;low_confidence_or_missing_mapping;urban_tier_unmatched,geo:province:yunnan,geo:reviewed:01d969294c,玉溪市,urban:tier:prefecture,urban:reviewed:3b8a0edac3,玉溪市,,,,,,,,,,
178,11103,云南,红河哈尼族彝族自治州,3,geo:province:yunnan,0.6,,0.0,geo_city_not_explicitly_mapped;low_confidence_or_missing_mapping;urban_tier_unmatched,geo:province:yunnan,geo:reviewed:3e125254be,红河哈尼族彝族自治州,urban:tier:prefecture,urban:reviewed:347575f1c7,红河哈尼族彝族自治州,,,,,,,,,,
179,11103,吉林,延边朝鲜族自治州,3,geo:province:jilin,0.6,,0.0,geo_city_not_explicitly_mapped;low_confidence_or_missing_mapping;urban_tier_unmatched,geo:province:jilin,geo:reviewed:8a02bf25ed,延边朝鲜族自治州,urban:tier:prefecture,urban:reviewed:ef701eae67,延边朝鲜族自治州,,,,,,,,,,
180,11103,吉林,白城市,3,geo:province:jilin,0.6,,0.0,geo_city_not_explicitly_mapped;low_confidence_or_missing_mapping;urban_tier_unmatched,geo:province:jilin,geo:reviewed:5aaea66743,白城市,urban:tier:prefecture,urban:reviewed:7b97d4a9c1,白城市,,,,,,,,,,
181,11103,四川,乐山市,3,geo:province:sichuan,0.6,,0.0,geo_city_not_explicitly_mapped;low_confidence_or_missing_mapping;urban_tier_unmatched,geo:province:sichuan,geo:reviewed:28b8d8912b,乐山市,urban:tier:prefecture,urban:reviewed:ec8d2cef51,乐山市,,,,,,,,,,
182,11103,四川,凉山彝族自治州,3,geo:province:sichuan,0.6,,0.0,geo_city_not_explicitly_mapped;low_confidence_or_missing_mapping;urban_tier_unmatched,geo:province:sichuan,geo:reviewed:04757a771d,凉山彝族自治州,urban:tier:prefecture,urban:reviewed:2654ae3371,凉山彝族自治州,,,,,,,,,,
183,11103,四川,广元市,3,geo:province:sichuan,0.6,,0.0,geo_city_not_explicitly_mapped;low_confidence_or_missing_mapping;urban_tier_unmatched,geo:province:sichuan,geo:reviewed:157e217422,广元市,urban:tier:prefecture,urban:reviewed:c39d97d944,广元市,,,,,,,,,,
184,11103,四川,自贡市,3,geo:province:sichuan,0.6,,0.0,geo_city_not_explicitly_mapped;low_confidence_or_missing_mapping;urban_tier_unmatched,geo:province:sichuan,geo:reviewed:7629b511c7,自贡市,urban:tier:prefecture,urban:reviewed:1fa334355a,自贡市,,,,,,,,,,
185,11103,四川,资阳市,3,geo:province:sichuan,0.6,,0.0,geo_city_not_explicitly_mapped;low_confidence_or_missing_mapping;urban_tier_unmatched,geo:province:sichuan,geo:reviewed:a4e34235fa,资阳市,urban:tier:prefecture,urban:reviewed:edb215d2eb,资阳市,,,,,,,,,,
186,11103,四川,达州市,3,geo:province:sichuan,0.6,,0.0,geo_city_not_explicitly_mapped;low_confidence_or_missing_mapping;urban_tier_unmatched,geo:province:sichuan,geo:reviewed:95998d7fad,达州市,urban:tier:prefecture,urban:reviewed:f0dd630488,达州市,,,,,,,,,,
187,11103,安徽,池州市,3,geo:province:anhui,0.6,,0.0,geo_city_not_explicitly_mapped;low_confidence_or_missing_mapping;urban_tier_unmatched,geo:province:anhui,geo:reviewed:03bba408bc,池州市,urban:tier:prefecture,urban:reviewed:4caefeb3a2,池州市,,,,,,,,,,
188,11103,安徽,铜陵市,3,geo:province:anhui,0.6,,0.0,geo_city_not_explicitly_mapped;low_confidence_or_missing_mapping;urban_tier_unmatched,geo:province:anhui,geo:reviewed:5f32e5747f,铜陵市,urban:tier:prefecture,urban:reviewed:3d5d4b6bef,铜陵市,,,,,,,,,,
189,11103,安徽,黄山市,3,geo:province:anhui,0.6,,0.0,geo_city_not_explicitly_mapped;low_confidence_or_missing_mapping;urban_tier_unmatched,geo:province:anhui,geo:reviewed:00a0c25566,黄山市,urban:tier:prefecture,urban:reviewed:b876d65397,黄山市,,,,,,,,,,
190,11103,山东,枣庄市,3,geo:province:shandong,0.6,,0.0,geo_city_not_explicitly_mapped;low_confidence_or_missing_mapping;urban_tier_unmatched,geo:province:shandong,geo:reviewed:678fde6b71,枣庄市,urban:tier:prefecture,urban:reviewed:8ac91cb3c6,枣庄市,,,,,,,,,,
191,11103,山东,滨州市,3,geo:province:shandong,0.6,,0.0,geo_city_not_explicitly_mapped;low_confidence_or_missing_mapping;urban_tier_unmatched,geo:province:shandong,geo:reviewed:61055c716e,滨州市,urban:tier:prefecture,urban:reviewed:212c9b659c,滨州市,,,,,,,,,,
192,11103,山西,朔州市,3,geo:province:shanxi,0.6,,0.0,geo_city_not_explicitly_mapped;low_confidence_or_missing_mapping;urban_tier_unmatched,geo:province:shanxi,geo:reviewed:2bbbd40f4d,朔州市,urban:tier:prefecture,urban:reviewed:2beef94e96,朔州市,,,,,,,,,,
193,11103,山西,阳泉市,3,geo:province:shanxi,0.6,,0.0,geo_city_not_explicitly_mapped;low_confidence_or_missing_mapping;urban_tier_unmatched,geo:province:shanxi,geo:reviewed:e8275cd8d3,阳泉市,urban:tier:prefecture,urban:reviewed:849a86aa04,阳泉市,,,,,,,,,,
194,11103,广东,中山市,3,geo:province:guangdong,0.6,,0.0,geo_city_not_explicitly_mapped;low_confidence_or_missing_mapping;urban_tier_unmatched,geo:province:guangdong,geo:reviewed:909155a09d,中山市,urban:tier:prefecture,urban:reviewed:6a62ff0193,中山市,,,,,,,,,,
195,11103,广东,清远市,3,geo:province:guangdong,0.6,,0.0,geo_city_not_explicitly_mapped;low_confidence_or_missing_mapping;urban_tier_unmatched,geo:province:guangdong,geo:reviewed:1de4a6dd17,清远市,urban:tier:prefecture,urban:reviewed:f54e6e76d4,清远市,,,,,,,,,,
196,11103,广西,梧州市,3,geo:province:guangxi,0.6,,0.0,geo_city_not_explicitly_mapped;low_confidence_or_missing_mapping;urban_tier_unmatched,geo:province:guangxi,geo:reviewed:af054dd82d,梧州市,urban:tier:prefecture,urban:reviewed:767e4ffa30,梧州市,,,,,,,,,,
197,11103,广西,钦州市,3,geo:province:guangxi,0.6,,0.0,geo_city_not_explicitly_mapped;low_confidence_or_missing_mapping;urban_tier_unmatched,geo:province:guangxi,geo:reviewed:850d32ed1b,钦州市,urban:tier:prefecture,urban:reviewed:6477ba6342,钦州市,,,,,,,,,,
198,11103,新疆,伊犁哈萨克自治州,3,geo:province:xinjiang,0.6,,0.0,geo_city_not_explicitly_mapped;low_confidence_or_missing_mapping;urban_tier_unmatched,geo:province:xinjiang,geo:reviewed:129d99e67d,伊犁哈萨克自治州,urban:tier:prefecture,urban:reviewed:777960d06c,伊犁哈萨克自治州,,,,,,,,,,
199,11103,新疆,克拉玛依市,3,geo:province:xinjiang,0.6,,0.0,geo_city_not_explicitly_mapped;low_confidence_or_missing_mapping;urban_tier_unmatched,geo:province:xinjiang,geo:reviewed:7f8d3bc887,克拉玛依市,urban:tier:prefecture,urban:reviewed:36cfdf1937,克拉玛依市,,,,,,,,,,
200,11103,新疆,和田地区,3,geo:province:xinjiang,0.6,,0.0,geo_city_not_explicitly_mapped;low_confidence_or_missing_mapping;urban_tier_unmatched,geo:province:xinjiang,geo:reviewed:037d67f9f7,和田地区,urban:tier:prefecture,urban:reviewed:85231a9ad8,和田地区,,,,,,,,,,
201,11103,新疆,巴音郭楞蒙古自治州,3,geo:province:xinjiang,0.6,,0.0,geo_city_not_explicitly_mapped;low_confidence_or_missing_mapping;urban_tier_unmatched,geo:province:xinjiang,geo:reviewed:76ab891f5b,巴音郭楞蒙古自治州,urban:tier:prefecture,urban:reviewed:f453c944f3,巴音郭楞蒙古自治州,,,,,,,,,,
202,11103,新疆,昌吉回族自治州,3,geo:province:xinjiang,0.6,,0.0,geo_city_not_explicitly_mapped;low_confidence_or_missing_mapping;urban_tier_unmatched,geo:province:xinjiang,geo:reviewed:b4397239e3,昌吉回族自治州,urban:tier:prefecture,urban:reviewed:81bb3403d6,昌吉回族自治州,,,,,,,,,,
203,11103,新疆,阿克苏地区,3,geo:province:xinjiang,0.6,,0.0,geo_city_not_explicitly_mapped;low_confidence_or_missing_mapping;urban_tier_unmatched,geo:province:xinjiang,geo:reviewed:f85492092b,阿克苏地区,urban:tier:prefecture,urban:reviewed:f407303109,阿克苏地区,,,,,,,,,,
204,11103,江苏,宿迁,3,geo:province:jiangsu,0.6,,0.0,geo_city_not_explicitly_mapped;low_confidence_or_missing_mapping;urban_tier_unmatched,geo:province:jiangsu,geo:reviewed:8d81c1cc7e,宿迁,urban:tier:prefecture,urban:reviewed:d546046646,宿迁,,,,,,,,,,
205,11103,河南,漯河市,3,geo:province:henan,0.6,,0.0,geo_city_not_explicitly_mapped;low_confidence_or_missing_mapping;urban_tier_unmatched,geo:province:henan,geo:reviewed:823b7ddf28,漯河市,urban:tier:prefecture,urban:reviewed:a42debb042,漯河市,,,,,,,,,,
206,11103,河南,濮阳市,3,geo:province:henan,0.6,,0.0,geo_city_not_explicitly_mapped;low_confidence_or_missing_mapping;urban_tier_unmatched,geo:province:henan,geo:reviewed:5f3e7ea8e0,濮阳市,urban:tier:prefecture,urban:reviewed:618d8be080,濮阳市,,,,,,,,,,
207,11103,河南,驻马店市,3,geo:province:henan,0.6,,0.0,geo_city_not_explicitly_mapped;low_confidence_or_missing_mapping;urban_tier_unmatched,geo:province:henan,geo:reviewed:d7bad27889,驻马店市,urban:tier:prefecture,urban:reviewed:8d0e2da67b,驻马店市,,,,,,,,,,
208,11103,河南,鹤壁市,3,geo:province:henan,0.6,,0.0,geo_city_not_explicitly_mapped;low_confidence_or_missing_mapping;urban_tier_unmatched,geo:province:henan,geo:reviewed:cca4747124,鹤壁市,urban:tier:prefecture,urban:reviewed:003cac3bd3,鹤壁市,,,,,,,,,,
209,11103,湖南,娄底市,3,geo:province:hunan,0.6,,0.0,geo_city_not_explicitly_mapped;low_confidence_or_missing_mapping;urban_tier_unmatched,geo:province:hunan,geo:reviewed:6c36d42c1e,娄底市,urban:tier:prefecture,urban:reviewed:2b826beacb,娄底市,,,,,,,,,,
210,11103,湖南,张家界市,3,geo:province:hunan,0.6,,0.0,geo_city_not_explicitly_mapped;low_confidence_or_missing_mapping;urban_tier_unmatched,geo:province:hunan,geo:reviewed:23166596a8,张家界市,urban:tier:prefecture,urban:reviewed:d319eee5a8,张家界市,,,,,,,,,,
211,11103,湖南,郴州市,3,geo:province:hunan,0.6,,0.0,geo_city_not_explicitly_mapped;low_confidence_or_missing_mapping;urban_tier_unmatched,geo:province:hunan,geo:reviewed:7a7c839258,郴州市,urban:tier:prefecture,urban:reviewed:b3aaeb6d8b,郴州市,,,,,,,,,,
212,11103,甘肃,张掖市,3,geo:province:gansu,0.6,,0.0,geo_city_not_explicitly_mapped;low_confidence_or_missing_mapping;urban_tier_unmatched,geo:province:gansu,geo:reviewed:a20d66b1ee,张掖市,urban:tier:prefecture,urban:reviewed:9e84880900,张掖市,,,,,,,,,,
213,11103,福建,三明市,3,geo:province:fujian,0.6,,0.0,geo_city_not_explicitly_mapped;low_confidence_or_missing_mapping;urban_tier_unmatched,geo:province:fujian,geo:reviewed:ca936ec75d,三明市,urban:tier:prefecture,urban:reviewed:717eea0be1,三明市,,,,,,,,,,
214,11103,贵州,六盘水市,3,geo:province:guizhou,0.6,,0.0,geo_city_not_explicitly_mapped;low_confidence_or_missing_mapping;urban_tier_unmatched,geo:province:guizhou,geo:reviewed:ec0652a8e1,六盘水市,urban:tier:prefecture,urban:reviewed:a81796e32b,六盘水市,,,,,,,,,,
215,11103,贵州,安顺市,3,geo:province:guizhou,0.6,,0.0,geo_city_not_explicitly_mapped;low_confidence_or_missing_mapping;urban_tier_unmatched,geo:province:guizhou,geo:reviewed:2d4ccc0b00,安顺市,urban:tier:prefecture,urban:reviewed:7449770b40,安顺市,,,,,,,,,,
216,11103,贵州,黔东南苗族侗族自治州,3,geo:province:guizhou,0.6,,0.0,geo_city_not_explicitly_mapped;low_confidence_or_missing_mapping;urban_tier_unmatched,geo:province:guizhou,geo:reviewed:fef178e729,黔东南苗族侗族自治州,urban:tier:prefecture,urban:reviewed:7de44b0bbd,黔东南苗族侗族自治州,,,,,,,,,,
217,11103,辽宁,丹东市,3,geo:province:liaoning,0.6,,0.0,geo_city_not_explicitly_mapped;low_confidence_or_missing_mapping;urban_tier_unmatched,geo:province:liaoning,geo:reviewed:9080c5dce0,丹东市,urban:tier:prefecture,urban:reviewed:80c0f12a82,丹东市,,,,,,,,,,
218,11103,辽宁,盘锦市,3,geo:province:liaoning,0.6,,0.0,geo_city_not_explicitly_mapped;low_confidence_or_missing_mapping;urban_tier_unmatched,geo:province:liaoning,geo:reviewed:6f09db260f,盘锦市,urban:tier:prefecture,urban:reviewed:d48b6a78e0,盘锦市,,,,,,,,,,
219,11103,辽宁,营口市,3,geo:province:liaoning,0.6,,0.0,geo_city_not_explicitly_mapped;low_confidence_or_missing_mapping;urban_tier_unmatched,geo:province:liaoning,geo:reviewed:6f778ee7fe,营口市,urban:tier:prefecture,urban:reviewed:fbe4ab9fa6,营口市,,,,,,,,,,
220,11103,陕西,汉中市,3,geo:province:shaanxi,0.6,,0.0,geo_city_not_explicitly_mapped;low_confidence_or_missing_mapping;urban_tier_unmatched,geo:province:shaanxi,geo:reviewed:a6b644157c,汉中市,urban:tier:prefecture,urban:reviewed:e43355def6,汉中市,,,,,,,,,,
221,11103,陕西,渭南市,3,geo:province:shaanxi,0.6,,0.0,geo_city_not_explicitly_mapped;low_confidence_or_missing_mapping;urban_tier_unmatched,geo:province:shaanxi,geo:reviewed:b965c05361,渭南市,urban:tier:prefecture,urban:reviewed:888b9f01ba,渭南市,,,,,,,,,,
222,11102,云南,保山市,2,geo:province:yunnan,0.6,,0.0,geo_city_not_explicitly_mapped;low_confidence_or_missing_mapping;urban_tier_unmatched,geo:province:yunnan,geo:reviewed:59a63e4847,保山市,urban:tier:prefecture,urban:reviewed:b9625f4a02,保山市,,,,,,,,,,
223,11102,云南,德宏傣族景颇族自治州,2,geo:province:yunnan,0.6,,0.0,geo_city_not_explicitly_mapped;low_confidence_or_missing_mapping;urban_tier_unmatched,geo:province:yunnan,geo:reviewed:f30550b6f7,德宏傣族景颇族自治州,urban:tier:prefecture,urban:reviewed:b480822cd2,德宏傣族景颇族自治州,,,,,,,,,,
224,11102,云南,文山壮族苗族自治州,2,geo:province:yunnan,0.6,,0.0,geo_city_not_explicitly_mapped;low_confidence_or_missing_mapping;urban_tier_unmatched,geo:province:yunnan,geo:reviewed:b210551aa6,文山壮族苗族自治州,urban:tier:prefecture,urban:reviewed:32dbf06963,文山壮族苗族自治州,,,,,,,,,,
225,11102,云南,昭通市,2,geo:province:yunnan,0.6,,0.0,geo_city_not_explicitly_mapped;low_confidence_or_missing_mapping;urban_tier_unmatched,geo:province:yunnan,geo:reviewed:4802f8cda4,昭通市,urban:tier:prefecture,urban:reviewed:33db0f0d14,昭通市,,,,,,,,,,
226,11102,云南,普洱市,2,geo:province:yunnan,0.6,,0.0,geo_city_not_explicitly_mapped;low_confidence_or_missing_mapping;urban_tier_unmatched,geo:province:yunnan,geo:reviewed:3eba187e7c,普洱市,urban:tier:prefecture,urban:reviewed:eb4bbcf7a8,普洱市,,,,,,,,,,
227,11102,吉林,通化市,2,geo:province:jilin,0.6,,0.0,geo_city_not_explicitly_mapped;low_confidence_or_missing_mapping;urban_tier_unmatched,geo:province:jilin,geo:reviewed:11e57770af,通化市,urban:tier:prefecture,urban:reviewed:de87d99fe4,通化市,,,,,,,,,,
228,11102,四川,攀枝花,2,geo:province:sichuan,0.6,,0.0,geo_city_not_explicitly_mapped;low_confidence_or_missing_mapping;urban_tier_unmatched,geo:province:sichuan,geo:reviewed:42a72cda11,攀枝花,urban:tier:prefecture,urban:reviewed:58166f388e,攀枝花,,,,,,,,,,
229,11102,四川,甘孜藏族自治州,2,geo:province:sichuan,0.6,,0.0,geo_city_not_explicitly_mapped;low_confidence_or_missing_mapping;urban_tier_unmatched,geo:province:sichuan,geo:reviewed:bcd51f4328,甘孜藏族自治州,urban:tier:prefecture,urban:reviewed:4899f4e230,甘孜藏族自治州,,,,,,,,,,
230,11102,四川,阿坝藏族羌族自治州,2,geo:province:sichuan,0.6,,0.0,geo_city_not_explicitly_mapped;low_confidence_or_missing_mapping;urban_tier_unmatched,geo:province:sichuan,geo:reviewed:4edb3c5f46,阿坝藏族羌族自治州,urban:tier:prefecture,urban:reviewed:254398eadd,阿坝藏族羌族自治州,,,,,,,,,,
231,11102,四川,雅安市,2,geo:province:sichuan,0.6,,0.0,geo_city_not_explicitly_mapped;low_confidence_or_missing_mapping;urban_tier_unmatched,geo:province:sichuan,geo:reviewed:462f509032,雅安市,urban:tier:prefecture,urban:reviewed:8c33631265,雅安市,,,,,,,,,,
232,11102,宁夏,石嘴山市,2,geo:province:ningxia,0.6,,0.0,geo_city_not_explicitly_mapped;low_confidence_or_missing_mapping;urban_tier_unmatched,geo:province:ningxia,geo:reviewed:7784094dee,石嘴山市,urban:tier:prefecture,urban:reviewed:23969c2c8d,石嘴山市,,,,,,,,,,
233,11102,安徽,亳州市,2,geo:province:anhui,0.6,,0.0,geo_city_not_explicitly_mapped;low_confidence_or_missing_mapping;urban_tier_unmatched,geo:province:anhui,geo:reviewed:c0994b5218,亳州市,urban:tier:prefecture,urban:reviewed:7b9962c2af,亳州市,,,,,,,,,,
234,11102,安徽,宣城市,2,geo:province:anhui,0.6,,0.0,geo_city_not_explicitly_mapped;low_confidence_or_missing_mapping;urban_tier_unmatched,geo:province:anhui,geo:reviewed:0ddbe6b71f,宣城市,urban:tier:prefecture,urban:reviewed:2c771d8360,宣城市,,,,,,,,,,
235,11102,山西,吕梁市,2,geo:province:shanxi,0.6,,0.0,geo_city_not_explicitly_mapped;low_confidence_or_missing_mapping;urban_tier_unmatched,geo:province:shanxi,geo:reviewed:a548c57beb,吕梁市,urban:tier:prefecture,urban:reviewed:07ae9f1e0a,吕梁市,,,,,,,,,,
236,11102,山西,忻州市,2,geo:province:shanxi,0.6,,0.0,geo_city_not_explicitly_mapped;low_confidence_or_missing_mapping;urban_tier_unmatched,geo:province:shanxi,geo:reviewed:f3896b8a49,忻州市,urban:tier:prefecture,urban:reviewed:0514ad7b39,忻州市,,,,,,,,,,
237,11102,广东,云浮市,2,geo:province:guangdong,0.6,,0.0,geo_city_not_explicitly_mapped;low_confidence_or_missing_mapping;urban_tier_unmatched,geo:province:guangdong,geo:reviewed:8708c703b7,云浮市,urban:tier:prefecture,urban:reviewed:e3c566a747,云浮市,,,,,,,,,,
238,11102,广东,揭阳市,2,geo:province:guangdong,0.6,,0.0,geo_city_not_explicitly_mapped;low_confidence_or_missing_mapping;urban_tier_unmatched,geo:province:guangdong,geo:reviewed:13dd73a9e7,揭阳市,urban:tier:prefecture,urban:reviewed:09a654a4cb,揭阳市,,,,,,,,,,
239,11102,广东,梅州市,2,geo:province:guangdong,0.6,,0.0,geo_city_not_explicitly_mapped;low_confidence_or_missing_mapping;urban_tier_unmatched,geo:province:guangdong,geo:reviewed:21216666ab,梅州市,urban:tier:prefecture,urban:reviewed:cdfb911db0,梅州市,,,,,,,,,,
240,11102,广东,潮州市,2,geo:province:guangdong,0.6,,0.0,geo_city_not_explicitly_mapped;low_confidence_or_missing_mapping;urban_tier_unmatched,geo:province:guangdong,geo:reviewed:a41faee258,潮州市,urban:tier:prefecture,urban:reviewed:97cf184fce,潮州市,,,,,,,,,,
241,11102,广东,韶关市,2,geo:province:guangdong,0.6,,0.0,geo_city_not_explicitly_mapped;low_confidence_or_missing_mapping;urban_tier_unmatched,geo:province:guangdong,geo:reviewed:4f5d3434e7,韶关市,urban:tier:prefecture,urban:reviewed:f64607fd3b,韶关市,,,,,,,,,,
242,11102,广西,来宾市,2,geo:province:guangxi,0.6,,0.0,geo_city_not_explicitly_mapped;low_confidence_or_missing_mapping;urban_tier_unmatched,geo:province:guangxi,geo:reviewed:55731218a1,来宾市,urban:tier:prefecture,urban:reviewed:c5441bc792,来宾市,,,,,,,,,,
243,11102,广西,河池市,2,geo:province:guangxi,0.6,,0.0,geo_city_not_explicitly_mapped;low_confidence_or_missing_mapping;urban_tier_unmatched,geo:province:guangxi,geo:reviewed:47d0bb306f,河池市,urban:tier:prefecture,urban:reviewed:51760b76a4,河池市,,,,,,,,,,
244,11102,广西,玉林市,2,geo:province:guangxi,0.6,,0.0,geo_city_not_explicitly_mapped;low_confidence_or_missing_mapping;urban_tier_unmatched,geo:province:guangxi,geo:reviewed:058a23287c,玉林市,urban:tier:prefecture,urban:reviewed:1096aefa29,玉林市,,,,,,,,,,
245,11102,新疆,喀什地区,2,geo:province:xinjiang,0.6,,0.0,geo_city_not_explicitly_mapped;low_confidence_or_missing_mapping;urban_tier_unmatched,geo:province:xinjiang,geo:reviewed:badf72f6a4,喀什地区,urban:tier:prefecture,urban:reviewed:025ec00716,喀什地区,,,,,,,,,,
246,11102,新疆,直辖县级市,2,geo:province:xinjiang,0.6,,0.0,geo_city_not_explicitly_mapped;low_confidence_or_missing_mapping;urban_tier_unmatched,geo:province:xinjiang,geo:reviewed:a85b69a046,直辖县级市,urban:tier:prefecture,urban:reviewed:6ad945d2b7,直辖县级市,,,,,,,,,,
247,11102,新疆,阿拉尔市,2,geo:province:xinjiang,0.6,,0.0,geo_city_not_explicitly_mapped;low_confidence_or_missing_mapping;urban_tier_unmatched,geo:province:xinjiang,geo:reviewed:b0d0da26a1,阿拉尔市,urban:tier:prefecture,urban:reviewed:ff603e1d4e,阿拉尔市,,,,,,,,,,
248,11102,江西,吉安市,2,geo:province:jiangxi,0.6,,0.0,geo_city_not_explicitly_mapped;low_confidence_or_missing_mapping;urban_tier_unmatched,geo:province:jiangxi,geo:reviewed:d518a0c157,吉安市,urban:tier:prefecture,urban:reviewed:15cdf391c1,吉安市,,,,,,,,,,
249,11102,江西,鹰潭市,2,geo:province:jiangxi,0.6,,0.0,geo_city_not_explicitly_mapped;low_confidence_or_missing_mapping;urban_tier_unmatched,geo:province:jiangxi,geo:reviewed:dc3c740ed7,鹰潭市,urban:tier:prefecture,urban:reviewed:61ce9fcdd1,鹰潭市,,,,,,,,,,
250,11102,河北,石家庄市,2,geo:province:hebei,0.6,,0.0,geo_city_not_explicitly_mapped;low_confidence_or_missing_mapping;urban_tier_unmatched,geo:province:hebei,geo:reviewed:96d437740d,石家庄市,urban:tier:strong_capital,urban:reviewed:4071e3fd59,石家庄市,,,,,,,,,,
251,11102,河北,衡水市,2,geo:province:hebei,0.6,,0.0,geo_city_not_explicitly_mapped;low_confidence_or_missing_mapping;urban_tier_unmatched,geo:province:hebei,geo:reviewed:8f98b02697,衡水市,urban:tier:prefecture,urban:reviewed:dce9ce01bf,衡水市,,,,,,,,,,
252,11102,河南,三门峡市,2,geo:province:henan,0.6,,0.0,geo_city_not_explicitly_mapped;low_confidence_or_missing_mapping;urban_tier_unmatched,geo:province:henan,geo:reviewed:59705774aa,三门峡市,urban:tier:prefecture,urban:reviewed:81a187cf6e,三门峡市,,,,,,,,,,
253,11102,浙江,丽水市,2,geo:province:zhejiang,0.6,,0.0,geo_city_not_explicitly_mapped;low_confidence_or_missing_mapping;urban_tier_unmatched,geo:province:zhejiang,geo:reviewed:8b942fe181,丽水市,urban:tier:prefecture,urban:reviewed:44313b961d,丽水市,,,,,,,,,,
254,11102,浙江,衢州市,2,geo:province:zhejiang,0.6,,0.0,geo_city_not_explicitly_mapped;low_confidence_or_missing_mapping;urban_tier_unmatched,geo:province:zhejiang,geo:reviewed:bfd10cdf64,衢州市,urban:tier:prefecture,urban:reviewed:7ab69e8782,衢州市,,,,,,,,,,
255,11102,海南,儋州市,2,geo:province:hainan,0.6,,0.0,geo_city_not_explicitly_mapped;low_confidence_or_missing_mapping;urban_tier_unmatched,geo:province:hainan,geo:reviewed:195c051455,儋州市,urban:tier:prefecture,urban:reviewed:d5eb26f3e2,儋州市,,,,,,,,,,
256,11102,湖北,荆门市,2,geo:province:hubei,0.6,,0.0,geo_city_not_explicitly_mapped;low_confidence_or_missing_mapping;urban_tier_unmatched,geo:province:hubei,geo:reviewed:bbff320a80,荆门市,urban:tier:prefecture,urban:reviewed:bb6a916c2d,荆门市,,,,,,,,,,
257,11102,湖南,湘西土家族苗族自治州,2,geo:province:hunan,0.6,,0.0,geo_city_not_explicitly_mapped;low_confidence_or_missing_mapping;urban_tier_unmatched,geo:province:hunan,geo:reviewed:30d661da53,湘西土家族苗族自治州,urban:tier:prefecture,urban:reviewed:2946b0983f,湘西土家族苗族自治州,,,,,,,,,,
258,11102,甘肃,平凉市,2,geo:province:gansu,0.6,,0.0,geo_city_not_explicitly_mapped;low_confidence_or_missing_mapping;urban_tier_unmatched,geo:province:gansu,geo:reviewed:38676e74ad,平凉市,urban:tier:prefecture,urban:reviewed:6d4948b7ff,平凉市,,,,,,,,,,
259,11102,甘肃,庆阳市,2,geo:province:gansu,0.6,,0.0,geo_city_not_explicitly_mapped;low_confidence_or_missing_mapping;urban_tier_unmatched,geo:province:gansu,geo:reviewed:cbd7040263,庆阳市,urban:tier:prefecture,urban:reviewed:8eea31e1d4,庆阳市,,,,,,,,,,
260,11102,甘肃,武威市,2,geo:province:gansu,0.6,,0.0,geo_city_not_explicitly_mapped;low_confidence_or_missing_mapping;urban_tier_unmatched,geo:province:gansu,geo:reviewed:84d43637ef,武威市,urban:tier:prefecture,urban:reviewed:1212a51e26,武威市,,,,,,,,,,
261,11102,甘肃,白银市,2,geo:province:gansu,0.6,,0.0,geo_city_not_explicitly_mapped;low_confidence_or_missing_mapping;urban_tier_unmatched,geo:province:gansu,geo:reviewed:38021b257b,白银市,urban:tier:prefecture,urban:reviewed:239766a948,白银市,,,,,,,,,,
262,11102,福建,宁德市,2,geo:province:fujian,0.6,,0.0,geo_city_not_explicitly_mapped;low_confidence_or_missing_mapping;urban_tier_unmatched,geo:province:fujian,geo:reviewed:8658bad0ce,宁德市,urban:tier:prefecture,urban:reviewed:0b455a2e28,宁德市,,,,,,,,,,
263,11102,福建,莆田市,2,geo:province:fujian,0.6,,0.0,geo_city_not_explicitly_mapped;low_confidence_or_missing_mapping;urban_tier_unmatched,geo:province:fujian,geo:reviewed:5ddf7dfea5,莆田市,urban:tier:prefecture,urban:reviewed:149f17afc6,莆田市,,,,,,,,,,
264,11102,福建,龙岩市,2,geo:province:fujian,0.6,,0.0,geo_city_not_explicitly_mapped;low_confidence_or_missing_mapping;urban_tier_unmatched,geo:province:fujian,geo:reviewed:ffd513fc5e,龙岩市,urban:tier:prefecture,urban:reviewed:f369f3954d,龙岩市,,,,,,,,,,
265,11102,贵州,黔西南布依族苗族自治州,2,geo:province:guizhou,0.6,,0.0,geo_city_not_explicitly_mapped;low_confidence_or_missing_mapping;urban_tier_unmatched,geo:province:guizhou,geo:reviewed:02c2639416,黔西南布依族苗族自治州,urban:tier:prefecture,urban:reviewed:a58ea1db61,黔西南布依族苗族自治州,,,,,,,,,,
266,11102,辽宁,本溪市,2,geo:province:liaoning,0.6,,0.0,geo_city_not_explicitly_mapped;low_confidence_or_missing_mapping;urban_tier_unmatched,geo:province:liaoning,geo:reviewed:da1e6d78f4,本溪市,urban:tier:prefecture,urban:reviewed:17f102db70,本溪市,,,,,,,,,,
267,11102,辽宁,辽阳市,2,geo:province:liaoning,0.6,,0.0,geo_city_not_explicitly_mapped;low_confidence_or_missing_mapping;urban_tier_unmatched,geo:province:liaoning,geo:reviewed:d70a591f46,辽阳市,urban:tier:prefecture,urban:reviewed:c5f99e26a1,辽阳市,,,,,,,,,,
268,11102,辽宁,阜新市,2,geo:province:liaoning,0.6,,0.0,geo_city_not_explicitly_mapped;low_confidence_or_missing_mapping;urban_tier_unmatched,geo:province:liaoning,geo:reviewed:dd61af1ed2,阜新市,urban:tier:prefecture,urban:reviewed:f101fd870c,阜新市,,,,,,,,,,
269,11102,辽宁,鞍山市,2,geo:province:liaoning,0.6,,0.0,geo_city_not_explicitly_mapped;low_confidence_or_missing_mapping;urban_tier_unmatched,geo:province:liaoning,geo:reviewed:1b1ccd6b14,鞍山市,urban:tier:prefecture,urban:reviewed:937e78d250,鞍山市,,,,,,,,,,
270,11102,陕西,商洛市,2,geo:province:shaanxi,0.6,,0.0,geo_city_not_explicitly_mapped;low_confidence_or_missing_mapping;urban_tier_unmatched,geo:province:shaanxi,geo:reviewed:f68d49cc91,商洛市,urban:tier:prefecture,urban:reviewed:2472f0fc9a,商洛市,,,,,,,,,,
271,11102,陕西,安康市,2,geo:province:shaanxi,0.6,,0.0,geo_city_not_explicitly_mapped;low_confidence_or_missing_mapping;urban_tier_unmatched,geo:province:shaanxi,geo:reviewed:320a0041c9,安康市,urban:tier:prefecture,urban:reviewed:0dfadc732d,安康市,,,,,,,,,,
272,11102,陕西,延安市,2,geo:province:shaanxi,0.6,,0.0,geo_city_not_explicitly_mapped;low_confidence_or_missing_mapping;urban_tier_unmatched,geo:province:shaanxi,geo:reviewed:9d39795d4c,延安市,urban:tier:prefecture,urban:reviewed:9eccf04acf,延安市,,,,,,,,,,
273,11101,云南,临沧市,1,geo:province:yunnan,0.6,,0.0,geo_city_not_explicitly_mapped;low_confidence_or_missing_mapping;urban_tier_unmatched,geo:province:yunnan,geo:reviewed:752100ab76,临沧市,urban:tier:prefecture,urban:reviewed:ae4aa18510,临沧市,,,,,,,,,,
274,11101,云南,红河州蒙自市,1,geo:province:yunnan,0.6,,0.0,geo_city_not_explicitly_mapped;low_confidence_or_missing_mapping;urban_tier_unmatched,geo:province:yunnan,geo:reviewed:6bda3df485,红河州蒙自市,urban:tier:prefecture,urban:reviewed:01de338294,红河州蒙自市,,,,,,,,,,
275,11101,云南,西双版纳傣族自治州,1,geo:province:yunnan,0.6,,0.0,geo_city_not_explicitly_mapped;low_confidence_or_missing_mapping;urban_tier_unmatched,geo:province:yunnan,geo:reviewed:14923e6483,西双版纳傣族自治州,urban:tier:prefecture,urban:reviewed:42ae7c43f4,西双版纳傣族自治州,,,,,,,,,,
276,11101,吉林,松原市,1,geo:province:jilin,0.6,,0.0,geo_city_not_explicitly_mapped;low_confidence_or_missing_mapping;urban_tier_unmatched,geo:province:jilin,geo:reviewed:503eff1d1d,松原市,urban:tier:prefecture,urban:reviewed:c5b229f029,松原市,,,,,,,,,,
277,11101,吉林,梅河口市,1,geo:province:jilin,0.6,,0.0,geo_city_not_explicitly_mapped;low_confidence_or_missing_mapping;urban_tier_unmatched,geo:province:jilin,geo:reviewed:2f98ea3bcf,梅河口市,urban:tier:prefecture,urban:reviewed:e7c7eabc86,梅河口市,,,,,,,,,,
278,11101,吉林,白山市,1,geo:province:jilin,0.6,,0.0,geo_city_not_explicitly_mapped;low_confidence_or_missing_mapping;urban_tier_unmatched,geo:province:jilin,geo:reviewed:09f8197650,白山市,urban:tier:prefecture,urban:reviewed:7195347e2a,白山市,,,,,,,,,,
279,11101,吉林,辽源市,1,geo:province:jilin,0.6,,0.0,geo_city_not_explicitly_mapped;low_confidence_or_missing_mapping;urban_tier_unmatched,geo:province:jilin,geo:reviewed:979768581f,辽源市,urban:tier:prefecture,urban:reviewed:7c1f55c049,辽源市,,,,,,,,,,
280,11101,四川,宜宾,1,geo:province:sichuan,0.6,,0.0,geo_city_not_explicitly_mapped;low_confidence_or_missing_mapping;urban_tier_unmatched,geo:province:sichuan,geo:reviewed:e51d0dbc54,宜宾,urban:tier:prefecture,urban:reviewed:ceaa87d65f,宜宾,,,,,,,,,,
281,11101,四川,巴中市,1,geo:province:sichuan,0.6,,0.0,geo_city_not_explicitly_mapped;low_confidence_or_missing_mapping;urban_tier_unmatched,geo:province:sichuan,geo:reviewed:55a4355cd5,巴中市,urban:tier:prefecture,urban:reviewed:780c8c4501,巴中市,,,,,,,,,,
282,11101,四川,广安市,1,geo:province:sichuan,0.6,,0.0,geo_city_not_explicitly_mapped;low_confidence_or_missing_mapping;urban_tier_unmatched,geo:province:sichuan,geo:reviewed:35c5fe12df,广安市,urban:tier:prefecture,urban:reviewed:b95ff9e122,广安市,,,,,,,,,,
283,11101,四川,攀枝花市,1,geo:province:sichuan,0.6,,0.0,geo_city_not_explicitly_mapped;low_confidence_or_missing_mapping;urban_tier_unmatched,geo:province:sichuan,geo:reviewed:f1513bd37f,攀枝花市,urban:tier:prefecture,urban:reviewed:57d6bc6890,攀枝花市,,,,,,,,,,
284,11101,四川,遂宁市,1,geo:province:sichuan,0.6,,0.0,geo_city_not_explicitly_mapped;low_confidence_or_missing_mapping;urban_tier_unmatched,geo:province:sichuan,geo:reviewed:f339c9f9e0,遂宁市,urban:tier:prefecture,urban:reviewed:6302652102,遂宁市,,,,,,,,,,
285,11101,四川,阆中市,1,geo:province:sichuan,0.6,,0.0,geo_city_not_explicitly_mapped;low_confidence_or_missing_mapping;urban_tier_unmatched,geo:province:sichuan,geo:reviewed:54496aa054,阆中市,urban:tier:prefecture,urban:reviewed:508786e772,阆中市,,,,,,,,,,
286,11101,宁夏,吴忠市,1,geo:province:ningxia,0.6,,0.0,geo_city_not_explicitly_mapped;low_confidence_or_missing_mapping;urban_tier_unmatched,geo:province:ningxia,geo:reviewed:50b4351fcf,吴忠市,urban:tier:prefecture,urban:reviewed:7e7ec079ac,吴忠市,,,,,,,,,,
287,11101,宁夏,固原市,1,geo:province:ningxia,0.6,,0.0,geo_city_not_explicitly_mapped;low_confidence_or_missing_mapping;urban_tier_unmatched,geo:province:ningxia,geo:reviewed:f26e3b0531,固原市,urban:tier:prefecture,urban:reviewed:ca58455b59,固原市,,,,,,,,,,
288,11101,山东,荣成市,1,geo:province:shandong,0.6,,0.0,geo_city_not_explicitly_mapped;low_confidence_or_missing_mapping;urban_tier_unmatched,geo:province:shandong,geo:reviewed:1871875bcf,荣成市,urban:tier:prefecture,urban:reviewed:c77eed7ad0,荣成市,,,,,,,,,,
289,11101,山东,莱芜市,1,geo:province:shandong,0.6,,0.0,geo_city_not_explicitly_mapped;low_confidence_or_missing_mapping;urban_tier_unmatched,geo:province:shandong,geo:reviewed:1e3d727219,莱芜市,urban:tier:prefecture,urban:reviewed:a5e606a110,莱芜市,,,,,,,,,,
290,11101,山东,高密市,1,geo:province:shandong,0.6,,0.0,geo_city_not_explicitly_mapped;low_confidence_or_missing_mapping;urban_tier_unmatched,geo:province:shandong,geo:reviewed:d4dfedb4db,高密市,urban:tier:prefecture,urban:reviewed:aef0abf720,高密市,,,,,,,,,,
291,11101,山西,晋城市,1,geo:province:shanxi,0.6,,0.0,geo_city_not_explicitly_mapped;low_confidence_or_missing_mapping;urban_tier_unmatched,geo:province:shanxi,geo:reviewed:031ab5e853,晋城市,urban:tier:prefecture,urban:reviewed:fd5058d951,晋城市,,,,,,,,,,
292,11101,广东,汕尾市,1,geo:province:guangdong,0.6,,0.0,geo_city_not_explicitly_mapped;low_confidence_or_missing_mapping;urban_tier_unmatched,geo:province:guangdong,geo:reviewed:c47d83184d,汕尾市,urban:tier:prefecture,urban:reviewed:9855a78cfc,汕尾市,,,,,,,,,,
293,11101,广东,河源市,1,geo:province:guangdong,0.6,,0.0,geo_city_not_explicitly_mapped;low_confidence_or_missing_mapping;urban_tier_unmatched,geo:province:guangdong,geo:reviewed:ad5cb688cb,河源市,urban:tier:prefecture,urban:reviewed:1fd2265054,河源市,,,,,,,,,,
294,11101,广东,阳江市,1,geo:province:guangdong,0.6,,0.0,geo_city_not_explicitly_mapped;low_confidence_or_missing_mapping;urban_tier_unmatched,geo:province:guangdong,geo:reviewed:f2e5a36b2e,阳江市,urban:tier:prefecture,urban:reviewed:c0565463ed,阳江市,,,,,,,,,,
295,11101,广西,贵港市,1,geo:province:guangxi,0.6,,0.0,geo_city_not_explicitly_mapped;low_confidence_or_missing_mapping;urban_tier_unmatched,geo:province:guangxi,geo:reviewed:106d1494fd,贵港市,urban:tier:prefecture,urban:reviewed:90ab824fe7,贵港市,,,,,,,,,,
296,11101,广西,贺州市,1,geo:province:guangxi,0.6,,0.0,geo_city_not_explicitly_mapped;low_confidence_or_missing_mapping;urban_tier_unmatched,geo:province:guangxi,geo:reviewed:2643d7da9f,贺州市,urban:tier:prefecture,urban:reviewed:2b96a310c2,贺州市,,,,,,,,,,
297,11101,广西,防城港市,1,geo:province:guangxi,0.6,,0.0,geo_city_not_explicitly_mapped;low_confidence_or_missing_mapping;urban_tier_unmatched,geo:province:guangxi,geo:reviewed:59c379f365,防城港市,urban:tier:prefecture,urban:reviewed:d5e67e2db2,防城港市,,,,,,,,,,
298,11101,新疆,克孜勒苏柯尔克孜自治州,1,geo:province:xinjiang,0.6,,0.0,geo_city_not_explicitly_mapped;low_confidence_or_missing_mapping;urban_tier_unmatched,geo:province:xinjiang,geo:reviewed:f3424b3915,克孜勒苏柯尔克孜自治州,urban:tier:prefecture,urban:reviewed:82dcadf5a3,克孜勒苏柯尔克孜自治州,,,,,,,,,,
299,11101,新疆,博尔塔拉蒙古自治州,1,geo:province:xinjiang,0.6,,0.0,geo_city_not_explicitly_mapped;low_confidence_or_missing_mapping;urban_tier_unmatched,geo:province:xinjiang,geo:reviewed:ddcf0ae9fe,博尔塔拉蒙古自治州,urban:tier:prefecture,urban:reviewed:5745dff835,博尔塔拉蒙古自治州,,,,,,,,,,
300,11101,新疆,吐鲁番市,1,geo:province:xinjiang,0.6,,0.0,geo_city_not_explicitly_mapped;low_confidence_or_missing_mapping;urban_tier_unmatched,geo:province:xinjiang,geo:reviewed:1300ae220b,吐鲁番市,urban:tier:prefecture,urban:reviewed:49f6df2cd5,吐鲁番市,,,,,,,,,,
301,11101,新疆,哈密地区,1,geo:province:xinjiang,0.6,,0.0,geo_city_not_explicitly_mapped;low_confidence_or_missing_mapping;urban_tier_unmatched,geo:province:xinjiang,geo:reviewed:01d0600d54,哈密地区,urban:tier:prefecture,urban:reviewed:317888ce66,哈密地区,,,,,,,,,,
302,11101,新疆,图木舒克市,1,geo:province:xinjiang,0.6,,0.0,geo_city_not_explicitly_mapped;low_confidence_or_missing_mapping;urban_tier_unmatched,geo:province:xinjiang,geo:reviewed:017c540233,图木舒克市,urban:tier:prefecture,urban:reviewed:9bb0725018,图木舒克市,,,,,,,,,,
303,11101,新疆,塔城地区,1,geo:province:xinjiang,0.6,,0.0,geo_city_not_explicitly_mapped;low_confidence_or_missing_mapping;urban_tier_unmatched,geo:province:xinjiang,geo:reviewed:9a55606516,塔城地区,urban:tier:prefecture,urban:reviewed:8c4c865032,塔城地区,,,,,,,,,,
304,11101,新疆,阿勒泰地区,1,geo:province:xinjiang,0.6,,0.0,geo_city_not_explicitly_mapped;low_confidence_or_missing_mapping;urban_tier_unmatched,geo:province:xinjiang,geo:reviewed:d9000497cf,阿勒泰地区,urban:tier:prefecture,urban:reviewed:5346480d01,阿勒泰地区,,,,,,,,,,
305,11101,河北,秦皇岛市,1,geo:province:hebei,0.6,,0.0,geo_city_not_explicitly_mapped;low_confidence_or_missing_mapping;urban_tier_unmatched,geo:province:hebei,geo:reviewed:338f2456b4,秦皇岛市,urban:tier:prefecture,urban:reviewed:db95c627d3,秦皇岛市,,,,,,,,,,
306,11101,河南,开封市兰考县,1,geo:province:henan,0.6,,0.0,geo_city_not_explicitly_mapped;low_confidence_or_missing_mapping;urban_tier_unmatched,geo:province:henan,geo:reviewed:72a6b8dd92,开封市兰考县,urban:tier:prefecture,urban:reviewed:9e9f82294c,开封市兰考县,,,,,,,,,,
307,11101,河南,林州市,1,geo:province:henan,0.6,,0.0,geo_city_not_explicitly_mapped;low_confidence_or_missing_mapping;urban_tier_unmatched,geo:province:henan,geo:reviewed:b317a3f425,林州市,urban:tier:prefecture,urban:reviewed:d4e6a0df94,林州市,,,,,,,,,,
308,11101,河南,汝州市,1,geo:province:henan,0.6,,0.0,geo_city_not_explicitly_mapped;low_confidence_or_missing_mapping;urban_tier_unmatched,geo:province:henan,geo:reviewed:ab43c271d3,汝州市,urban:tier:prefecture,urban:reviewed:5dff52d2f3,汝州市,,,,,,,,,,
309,11101,河南,济源市,1,geo:province:henan,0.6,,0.0,geo_city_not_explicitly_mapped;low_confidence_or_missing_mapping;urban_tier_unmatched,geo:province:henan,geo:reviewed:2ea725bde0,济源市,urban:tier:prefecture,urban:reviewed:6842a2848c,济源市,,,,,,,,,,
310,11101,河南,邓州市,1,geo:province:henan,0.6,,0.0,geo_city_not_explicitly_mapped;low_confidence_or_missing_mapping;urban_tier_unmatched,geo:province:henan,geo:reviewed:d39996a131,邓州市,urban:tier:prefecture,urban:reviewed:9ae64d2f9d,邓州市,,,,,,,,,,
311,11101,海南,琼海市,1,geo:province:hainan,0.6,,0.0,geo_city_not_explicitly_mapped;low_confidence_or_missing_mapping;urban_tier_unmatched,geo:province:hainan,geo:reviewed:b5e9349a5c,琼海市,urban:tier:prefecture,urban:reviewed:547e22b31e,琼海市,,,,,,,,,,
312,11101,海南,省直辖,1,geo:province:hainan,0.6,,0.0,geo_city_not_explicitly_mapped;low_confidence_or_missing_mapping;urban_tier_unmatched,geo:province:hainan,geo:reviewed:ad540b1166,省直辖,urban:tier:prefecture,urban:reviewed:0ce48721fd,省直辖,,,,,,,,,,
313,11101,湖北,仙桃市,1,geo:province:hubei,0.6,,0.0,geo_city_not_explicitly_mapped;low_confidence_or_missing_mapping;urban_tier_unmatched,geo:province:hubei,geo:reviewed:c886005674,仙桃市,urban:tier:prefecture,urban:reviewed:52e8c17187,仙桃市,,,,,,,,,,
314,11101,湖北,潜江市,1,geo:province:hubei,0.6,,0.0,geo_city_not_explicitly_mapped;low_confidence_or_missing_mapping;urban_tier_unmatched,geo:province:hubei,geo:reviewed:36f250ddc5,潜江市,urban:tier:prefecture,urban:reviewed:f9ed718b88,潜江市,,,,,,,,,,
315,11101,湖北,省直辖市,1,geo:province:hubei,0.6,,0.0,geo_city_not_explicitly_mapped;low_confidence_or_missing_mapping;urban_tier_unmatched,geo:province:hubei,geo:reviewed:cc2247fbe0,省直辖市,urban:tier:prefecture,urban:reviewed:2bb1413fbc,省直辖市,,,,,,,,,,
316,11101,湖北,鄂州市,1,geo:province:hubei,0.6,,0.0,geo_city_not_explicitly_mapped;low_confidence_or_missing_mapping;urban_tier_unmatched,geo:province:hubei,geo:reviewed:88b0302967,鄂州市,urban:tier:prefecture,urban:reviewed:e993002340,鄂州市,,,,,,,,,,
317,11101,湖北,随州市,1,geo:province:hubei,0.6,,0.0,geo_city_not_explicitly_mapped;low_confidence_or_missing_mapping;urban_tier_unmatched,geo:province:hubei,geo:reviewed:b3af3b3e0f,随州市,urban:tier:prefecture,urban:reviewed:c868a1dec8,随州市,,,,,,,,,,
318,11101,甘肃,临夏回族自治州,1,geo:province:gansu,0.6,,0.0,geo_city_not_explicitly_mapped;low_confidence_or_missing_mapping;urban_tier_unmatched,geo:province:gansu,geo:reviewed:6af434e65c,临夏回族自治州,urban:tier:prefecture,urban:reviewed:1a5fcef553,临夏回族自治州,,,,,,,,,,
319,11101,甘肃,嘉峪关,1,geo:province:gansu,0.6,,0.0,geo_city_not_explicitly_mapped;low_confidence_or_missing_mapping;urban_tier_unmatched,geo:province:gansu,geo:reviewed:b041ec5e8d,嘉峪关,urban:tier:prefecture,urban:reviewed:1138957273,嘉峪关,,,,,,,,,,
320,11101,甘肃,定西市,1,geo:province:gansu,0.6,,0.0,geo_city_not_explicitly_mapped;low_confidence_or_missing_mapping;urban_tier_unmatched,geo:province:gansu,geo:reviewed:22c88ab0b2,定西市,urban:tier:prefecture,urban:reviewed:5dcc21f191,定西市,,,,,,,,,,
321,11101,甘肃,甘南藏族自治州,1,geo:province:gansu,0.6,,0.0,geo_city_not_explicitly_mapped;low_confidence_or_missing_mapping;urban_tier_unmatched,geo:province:gansu,geo:reviewed:9a899a26d6,甘南藏族自治州,urban:tier:prefecture,urban:reviewed:562b86f123,甘南藏族自治州,,,,,,,,,,
322,11101,甘肃,酒泉市,1,geo:province:gansu,0.6,,0.0,geo_city_not_explicitly_mapped;low_confidence_or_missing_mapping;urban_tier_unmatched,geo:province:gansu,geo:reviewed:995abb1102,酒泉市,urban:tier:prefecture,urban:reviewed:c30864c13a,酒泉市,,,,,,,,,,
323,11101,甘肃,金昌市,1,geo:province:gansu,0.6,,0.0,geo_city_not_explicitly_mapped;low_confidence_or_missing_mapping;urban_tier_unmatched,geo:province:gansu,geo:reviewed:964d813d41,金昌市,urban:tier:prefecture,urban:reviewed:27136c799a,金昌市,,,,,,,,,,
324,11101,甘肃,陇南市,1,geo:province:gansu,0.6,,0.0,geo_city_not_explicitly_mapped;low_confidence_or_missing_mapping;urban_tier_unmatched,geo:province:gansu,geo:reviewed:a31d4fd87b,陇南市,urban:tier:prefecture,urban:reviewed:14eb1978c7,陇南市,,,,,,,,,,
325,11101,贵州,都匀市,1,geo:province:guizhou,0.6,,0.0,geo_city_not_explicitly_mapped;low_confidence_or_missing_mapping;urban_tier_unmatched,geo:province:guizhou,geo:reviewed:c7ea7e716f,都匀市,urban:tier:prefecture,urban:reviewed:c024c4d3ad,都匀市,,,,,,,,,,
326,11101,辽宁,兴城市,1,geo:province:liaoning,0.6,,0.0,geo_city_not_explicitly_mapped;low_confidence_or_missing_mapping;urban_tier_unmatched,geo:province:liaoning,geo:reviewed:26dce8c706,兴城市,urban:tier:prefecture,urban:reviewed:2c4cb0c37d,兴城市,,,,,,,,,,
327,11101,辽宁,朝阳市,1,geo:province:liaoning,0.6,,0.0,geo_city_not_explicitly_mapped;low_confidence_or_missing_mapping;urban_tier_unmatched,geo:province:liaoning,geo:reviewed:28a8e41abd,朝阳市,urban:tier:prefecture,urban:reviewed:da45afc3eb,朝阳市,,,,,,,,,,
328,11101,辽宁,葫芦岛,1,geo:province:liaoning,0.6,,0.0,geo_city_not_explicitly_mapped;low_confidence_or_missing_mapping;urban_tier_unmatched,geo:province:liaoning,geo:reviewed:0c4eae0a86,葫芦岛,urban:tier:prefecture,urban:reviewed:05ae084bbb,葫芦岛,,,,,,,,,,
329,11101,辽宁,鞍山,1,geo:province:liaoning,0.6,,0.0,geo_city_not_explicitly_mapped;low_confidence_or_missing_mapping;urban_tier_unmatched,geo:province:liaoning,geo:reviewed:57462c67c6,鞍山,urban:tier:prefecture,urban:reviewed:bdac237e3c,鞍山,,,,,,,,,,
330,11101,陕西,杨凌示范区,1,geo:province:shaanxi,0.6,,0.0,geo_city_not_explicitly_mapped;low_confidence_or_missing_mapping;urban_tier_unmatched,geo:province:shaanxi,geo:reviewed:cf88792bb1,杨凌示范区,urban:tier:prefecture,urban:reviewed:f8ba727245,杨凌示范区,,,,,,,,,,
331,11101,陕西,铜川市,1,geo:province:shaanxi,0.6,,0.0,geo_city_not_explicitly_mapped;low_confidence_or_missing_mapping;urban_tier_unmatched,geo:province:shaanxi,geo:reviewed:438f6d9915,铜川市,urban:tier:prefecture,urban:reviewed:0825ca085b,铜川市,,,,,,,,,,
332,11101,青海,海东市,1,geo:province:qinghai,0.6,,0.0,geo_city_not_explicitly_mapped;low_confidence_or_missing_mapping;urban_tier_unmatched,geo:province:qinghai,geo:reviewed:7a908e58b6,海东市,urban:tier:prefecture,urban:reviewed:3e7204ee8c,海东市,,,,,,,,,,
333,11101,青海,海西蒙古族藏族自治州,1,geo:province:qinghai,0.6,,0.0,geo_city_not_explicitly_mapped;low_confidence_or_missing_mapping;urban_tier_unmatched,geo:province:qinghai,geo:reviewed:880f4545f3,海西蒙古族藏族自治州,urban:tier:prefecture,urban:reviewed:fdbf71a6f7,海西蒙古族藏族自治州,,,,,,,,,,
334,11101,黑龙江,七台河市,1,geo:province:heilongjiang,0.6,,0.0,geo_city_not_explicitly_mapped;low_confidence_or_missing_mapping;urban_tier_unmatched,geo:province:heilongjiang,geo:reviewed:d52fdde943,七台河市,urban:tier:prefecture,urban:reviewed:9061cf0ab0,七台河市,,,,,,,,,,
335,11101,黑龙江,伊春市,1,geo:province:heilongjiang,0.6,,0.0,geo_city_not_explicitly_mapped;low_confidence_or_missing_mapping;urban_tier_unmatched,geo:province:heilongjiang,geo:reviewed:5da84b6d78,伊春市,urban:tier:prefecture,urban:reviewed:000dcf87c4,伊春市,,,,,,,,,,
336,11101,黑龙江,双鸭山市,1,geo:province:heilongjiang,0.6,,0.0,geo_city_not_explicitly_mapped;low_confidence_or_missing_mapping;urban_tier_unmatched,geo:province:heilongjiang,geo:reviewed:6d2106f62d,双鸭山市,urban:tier:prefecture,urban:reviewed:74857ec875,双鸭山市,,,,,,,,,,
337,11101,黑龙江,大兴安岭地区,1,geo:province:heilongjiang,0.6,,0.0,geo_city_not_explicitly_mapped;low_confidence_or_missing_mapping;urban_tier_unmatched,geo:province:heilongjiang,geo:reviewed:c1fe938aad,大兴安岭地区,urban:tier:prefecture,urban:reviewed:851f738105,大兴安岭地区,,,,,,,,,,
338,11101,黑龙江,绥化市,1,geo:province:heilongjiang,0.6,,0.0,geo_city_not_explicitly_mapped;low_confidence_or_missing_mapping;urban_tier_unmatched,geo:province:heilongjiang,geo:reviewed:c30b399113,绥化市,urban:tier:prefecture,urban:reviewed:6e9977763b,绥化市,,,,,,,,,,
339,11101,黑龙江,鸡西市,1,geo:province:heilongjiang,0.6,,0.0,geo_city_not_explicitly_mapped;low_confidence_or_missing_mapping;urban_tier_unmatched,geo:province:heilongjiang,geo:reviewed:ec3a01896a,鸡西市,urban:tier:prefecture,urban:reviewed:8671f2d8d2,鸡西市,,,,,,,,,,
340,11101,黑龙江,鹤岗市,1,geo:province:heilongjiang,0.6,,0.0,geo_city_not_explicitly_mapped;low_confidence_or_missing_mapping;urban_tier_unmatched,geo:province:heilongjiang,geo:reviewed:86cbde05d7,鹤岗市,urban:tier:prefecture,urban:reviewed:d626ce338d,鹤岗市,,,,,,,,,,
341,11101,黑龙江,黑河市,1,geo:province:heilongjiang,0.6,,0.0,geo_city_not_explicitly_mapped;low_confidence_or_missing_mapping;urban_tier_unmatched,geo:province:heilongjiang,geo:reviewed:297f002c51,黑河市,urban:tier:prefecture,urban:reviewed:91d8a4673d,黑河市,,,,,,,,,,
342,10109,吉林,吉林市,9,geo:province:jilin,1.0,,0.0,low_confidence_or_missing_mapping;urban_tier_unmatched,geo:province:jilin,geo:reviewed:908600ffe9,吉林市,urban:tier:prefecture,urban:reviewed:892eb529cc,吉林市,,,,,,,,,,
343,1139,北京,海淀区,39,geo:province:beijing,0.6,urban:city:beijing,0.95,geo_city_not_explicitly_mapped;low_confidence_or_missing_mapping,geo:province:beijing,geo:reviewed:1be56cd42e,海淀区,urban:city:beijing,urban:reviewed:f54f93fe8d,海淀区,,,,,,,,,,
344,1122,重庆,沙坪坝区,22,geo:province:chongqing,0.6,urban:city:chongqing,0.85,geo_city_not_explicitly_mapped;low_confidence_or_missing_mapping,geo:province:chongqing,geo:reviewed:ac72b3456e,沙坪坝区,urban:city:chongqing,urban:reviewed:654197cfc3,沙坪坝区,,,,,,,,,,
345,1121,上海,浦东新区,21,geo:province:shanghai,0.6,urban:city:shanghai,0.95,geo_city_not_explicitly_mapped;low_confidence_or_missing_mapping,geo:province:shanghai,geo:reviewed:93d791ccef,浦东新区,urban:city:shanghai,urban:reviewed:94c33fc3a2,浦东新区,,,,,,,,,,
346,1119,北京,朝阳区,19,geo:province:beijing,0.6,urban:city:beijing,0.95,geo_city_not_explicitly_mapped;low_confidence_or_missing_mapping,geo:province:beijing,geo:reviewed:f0dc1aa573,朝阳区,urban:city:beijing,urban:reviewed:b841df84ef,朝阳区,,,,,,,,,,
347,1114,北京,昌平区,14,geo:province:beijing,0.6,urban:city:beijing,0.95,geo_city_not_explicitly_mapped;low_confidence_or_missing_mapping,geo:province:beijing,geo:reviewed:93c74b4a35,昌平区,urban:city:beijing,urban:reviewed:551b6b5265,昌平区,,,,,,,,,,
348,1112,天津,西青区,12,geo:province:tianjin,0.6,urban:city:tianjin,0.85,geo_city_not_explicitly_mapped;low_confidence_or_missing_mapping,geo:province:tianjin,geo:reviewed:307b4f4e2d,西青区,urban:city:tianjin,urban:reviewed:30f5c79802,西青区,,,,,,,,,,
349,1111,上海,杨浦区,11,geo:province:shanghai,0.6,urban:city:shanghai,0.95,geo_city_not_explicitly_mapped;low_confidence_or_missing_mapping,geo:province:shanghai,geo:reviewed:32a560f06c,杨浦区,urban:city:shanghai,urban:reviewed:9e373e8ebe,杨浦区,,,,,,,,,,
350,1110,北京,通州区,10,geo:province:beijing,0.6,urban:city:beijing,0.95,geo_city_not_explicitly_mapped;low_confidence_or_missing_mapping,geo:province:beijing,geo:reviewed:9f7425f329,通州区,urban:city:beijing,urban:reviewed:54d7a08b58,通州区,,,,,,,,,,
351,1109,上海,徐汇区,9,geo:province:shanghai,0.6,urban:city:shanghai,0.95,geo_city_not_explicitly_mapped;low_confidence_or_missing_mapping,geo:province:shanghai,geo:reviewed:f1128a5d68,徐汇区,urban:city:shanghai,urban:reviewed:1e844257cc,徐汇区,,,,,,,,,,
352,1109,天津,河东区,9,geo:province:tianjin,0.6,urban:city:tianjin,0.85,geo_city_not_explicitly_mapped;low_confidence_or_missing_mapping,geo:province:tianjin,geo:reviewed:b9aa79ee10,河东区,urban:city:tianjin,urban:reviewed:95029624fb,河东区,,,,,,,,,,
353,1109,重庆,合川区,9,geo:province:chongqing,0.6,urban:city:chongqing,0.85,geo_city_not_explicitly_mapped;low_confidence_or_missing_mapping,geo:province:chongqing,geo:reviewed:8894091ad1,合川区,urban:city:chongqing,urban:reviewed:c8f6333da8,合川区,,,,,,,,,,
354,1108,北京,丰台区,8,geo:province:beijing,0.6,urban:city:beijing,0.95,geo_city_not_explicitly_mapped;low_confidence_or_missing_mapping,geo:province:beijing,geo:reviewed:a6a8209a20,丰台区,urban:city:beijing,urban:reviewed:6de2c0066c,丰台区,,,,,,,,,,
355,1108,北京,大兴区,8,geo:province:beijing,0.6,urban:city:beijing,0.95,geo_city_not_explicitly_mapped;low_confidence_or_missing_mapping,geo:province:beijing,geo:reviewed:a403c9e461,大兴区,urban:city:beijing,urban:reviewed:ce99b57431,大兴区,,,,,,,,,,
356,1108,天津,北辰区,8,geo:province:tianjin,0.6,urban:city:tianjin,0.85,geo_city_not_explicitly_mapped;low_confidence_or_missing_mapping,geo:province:tianjin,geo:reviewed:3ab88a9f0a,北辰区,urban:city:tianjin,urban:reviewed:37de47b695,北辰区,,,,,,,,,,
357,1108,天津,津南区,8,geo:province:tianjin,0.6,urban:city:tianjin,0.85,geo_city_not_explicitly_mapped;low_confidence_or_missing_mapping,geo:province:tianjin,geo:reviewed:f2234d3de5,津南区,urban:city:tianjin,urban:reviewed:e9d0ebe178,津南区,,,,,,,,,,
358,1108,天津,滨海新区,8,geo:province:tianjin,0.6,urban:city:tianjin,0.85,geo_city_not_explicitly_mapped;low_confidence_or_missing_mapping,geo:province:tianjin,geo:reviewed:64d77ad654,滨海新区,urban:city:tianjin,urban:reviewed:f95676600f,滨海新区,,,,,,,,,,
359,1107,上海,松江区,7,geo:province:shanghai,0.6,urban:city:shanghai,0.95,geo_city_not_explicitly_mapped;low_confidence_or_missing_mapping,geo:province:shanghai,geo:reviewed:64d7acd67a,松江区,urban:city:shanghai,urban:reviewed:6d32abbcdd,松江区,,,,,,,,,,
360,1107,重庆,万州区,7,geo:province:chongqing,0.6,urban:city:chongqing,0.85,geo_city_not_explicitly_mapped;low_confidence_or_missing_mapping,geo:province:chongqing,geo:reviewed:4de2563aff,万州区,urban:city:chongqing,urban:reviewed:f032ca0c0c,万州区,,,,,,,,,,
361,1107,重庆,永川区,7,geo:province:chongqing,0.6,urban:city:chongqing,0.85,geo_city_not_explicitly_mapped;low_confidence_or_missing_mapping,geo:province:chongqing,geo:reviewed:dd38aabe7f,永川区,urban:city:chongqing,urban:reviewed:14b5c14b10,永川区,,,,,,,,,,
362,1106,上海,奉贤区,6,geo:province:shanghai,0.6,urban:city:shanghai,0.95,geo_city_not_explicitly_mapped;low_confidence_or_missing_mapping,geo:province:shanghai,geo:reviewed:ad3dc3de9f,奉贤区,urban:city:shanghai,urban:reviewed:d349dfa0c7,奉贤区,,,,,,,,,,
363,1106,上海,宝山区,6,geo:province:shanghai,0.6,urban:city:shanghai,0.95,geo_city_not_explicitly_mapped;low_confidence_or_missing_mapping,geo:province:shanghai,geo:reviewed:2b4e47c2a2,宝山区,urban:city:shanghai,urban:reviewed:e39590fe43,宝山区,,,,,,,,,,
364,1106,天津,静海区,6,geo:province:tianjin,0.6,urban:city:tianjin,0.85,geo_city_not_explicitly_mapped;low_confidence_or_missing_mapping,geo:province:tianjin,geo:reviewed:eb69c1e327,静海区,urban:city:tianjin,urban:reviewed:4c7e6a4dc3,静海区,,,,,,,,,,
365,1106,重庆,巴南区,6,geo:province:chongqing,0.6,urban:city:chongqing,0.85,geo_city_not_explicitly_mapped;low_confidence_or_missing_mapping,geo:province:chongqing,geo:reviewed:ab08999107,巴南区,urban:city:chongqing,urban:reviewed:2f3f8ac0c5,巴南区,,,,,,,,,,
366,1105,北京,房山区,5,geo:province:beijing,0.6,urban:city:beijing,0.95,geo_city_not_explicitly_mapped;low_confidence_or_missing_mapping,geo:province:beijing,geo:reviewed:b9ac20981e,房山区,urban:city:beijing,urban:reviewed:2869220f96,房山区,,,,,,,,,,
367,1105,天津,河西区,5,geo:province:tianjin,0.6,urban:city:tianjin,0.85,geo_city_not_explicitly_mapped;low_confidence_or_missing_mapping,geo:province:tianjin,geo:reviewed:c7cf8c7fe4,河西区,urban:city:tianjin,urban:reviewed:ee9a6ba075,河西区,,,,,,,,,,
368,1105,重庆,南岸区,5,geo:province:chongqing,0.6,urban:city:chongqing,0.85,geo_city_not_explicitly_mapped;low_confidence_or_missing_mapping,geo:province:chongqing,geo:reviewed:8e52c1a216,南岸区,urban:city:chongqing,urban:reviewed:95a297a8c9,南岸区,,,,,,,,,,
369,1105,重庆,江津区,5,geo:province:chongqing,0.6,urban:city:chongqing,0.85,geo_city_not_explicitly_mapped;low_confidence_or_missing_mapping,geo:province:chongqing,geo:reviewed:4f128dfaf1,江津区,urban:city:chongqing,urban:reviewed:494b302b7b,江津区,,,,,,,,,,
370,1105,重庆,渝北区,5,geo:province:chongqing,0.6,urban:city:chongqing,0.85,geo_city_not_explicitly_mapped;low_confidence_or_missing_mapping,geo:province:chongqing,geo:reviewed:2a478d5dff,渝北区,urban:city:chongqing,urban:reviewed:3f905d7865,渝北区,,,,,,,,,,
371,1104,上海,嘉定区,4,geo:province:shanghai,0.6,urban:city:shanghai,0.95,geo_city_not_explicitly_mapped;low_confidence_or_missing_mapping,geo:province:shanghai,geo:reviewed:3c7518c851,嘉定区,urban:city:shanghai,urban:reviewed:dedf797843,嘉定区,,,,,,,,,,
372,1104,北京,怀柔区,4,geo:province:beijing,0.6,urban:city:beijing,0.95,geo_city_not_explicitly_mapped;low_confidence_or_missing_mapping,geo:province:beijing,geo:reviewed:c7c83d9fc2,怀柔区,urban:city:beijing,urban:reviewed:81cd6610e2,怀柔区,,,,,,,,,,
373,1104,北京,石景山区,4,geo:province:beijing,0.6,urban:city:beijing,0.95,geo_city_not_explicitly_mapped;low_confidence_or_missing_mapping,geo:province:beijing,geo:reviewed:0f5b44a910,石景山区,urban:city:beijing,urban:reviewed:03236efaec,石景山区,,,,,,,,,,
374,1103,上海,虹口区,3,geo:province:shanghai,0.6,urban:city:shanghai,0.95,geo_city_not_explicitly_mapped;low_confidence_or_missing_mapping,geo:province:shanghai,geo:reviewed:3aa9705af6,虹口区,urban:city:shanghai,urban:reviewed:5549502242,虹口区,,,,,,,,,,
375,1103,上海,静安区,3,geo:province:shanghai,0.6,urban:city:shanghai,0.95,geo_city_not_explicitly_mapped;low_confidence_or_missing_mapping,geo:province:shanghai,geo:reviewed:0c238dcbc1,静安区,urban:city:shanghai,urban:reviewed:fa8668ff38,静安区,,,,,,,,,,
376,1103,北京,东城区,3,geo:province:beijing,0.6,urban:city:beijing,0.95,geo_city_not_explicitly_mapped;low_confidence_or_missing_mapping,geo:province:beijing,geo:reviewed:f7d24339b2,东城区,urban:city:beijing,urban:reviewed:cb54452bfe,东城区,,,,,,,,,,
377,1103,北京,西城区,3,geo:province:beijing,0.6,urban:city:beijing,0.95,geo_city_not_explicitly_mapped;low_confidence_or_missing_mapping,geo:province:beijing,geo:reviewed:81c3d75276,西城区,urban:city:beijing,urban:reviewed:39520068e7,西城区,,,,,,,,,,
378,1103,天津,东丽区,3,geo:province:tianjin,0.6,urban:city:tianjin,0.85,geo_city_not_explicitly_mapped;low_confidence_or_missing_mapping,geo:province:tianjin,geo:reviewed:bc540abb35,东丽区,urban:city:tianjin,urban:reviewed:6ec96e166e,东丽区,,,,,,,,,,
379,1103,天津,河北区,3,geo:province:tianjin,0.6,urban:city:tianjin,0.85,geo_city_not_explicitly_mapped;low_confidence_or_missing_mapping,geo:province:tianjin,geo:reviewed:b5833efeb5,河北区,urban:city:tianjin,urban:reviewed:3e235b2a2e,河北区,,,,,,,,,,
380,1103,重庆,大足区,3,geo:province:chongqing,0.6,urban:city:chongqing,0.85,geo_city_not_explicitly_mapped;low_confidence_or_missing_mapping,geo:province:chongqing,geo:reviewed:fc06d96139,大足区,urban:city:chongqing,urban:reviewed:4e89f8d69d,大足区,,,,,,,,,,
381,1103,重庆,璧山区,3,geo:province:chongqing,0.6,urban:city:chongqing,0.85,geo_city_not_explicitly_mapped;low_confidence_or_missing_mapping,geo:province:chongqing,geo:reviewed:6d82d4f320,璧山区,urban:city:chongqing,urban:reviewed:30b621efea,璧山区,,,,,,,,,,
382,1102,上海,金山区,2,geo:province:shanghai,0.6,urban:city:shanghai,0.95,geo_city_not_explicitly_mapped;low_confidence_or_missing_mapping,geo:province:shanghai,geo:reviewed:65f067e89c,金山区,urban:city:shanghai,urban:reviewed:1ede8c6336,金山区,,,,,,,,,,
383,1102,上海,闵行区,2,geo:province:shanghai,0.6,urban:city:shanghai,0.95,geo_city_not_explicitly_mapped;low_confidence_or_missing_mapping,geo:province:shanghai,geo:reviewed:834f98c3fe,闵行区,urban:city:shanghai,urban:reviewed:4282262e8e,闵行区,,,,,,,,,,
384,1102,北京,延庆区,2,geo:province:beijing,0.6,urban:city:beijing,0.95,geo_city_not_explicitly_mapped;low_confidence_or_missing_mapping,geo:province:beijing,geo:reviewed:caab277d86,延庆区,urban:city:beijing,urban:reviewed:478e0fa623,延庆区,,,,,,,,,,
385,1102,北京,顺义区,2,geo:province:beijing,0.6,urban:city:beijing,0.95,geo_city_not_explicitly_mapped;low_confidence_or_missing_mapping,geo:province:beijing,geo:reviewed:bb9639dd2a,顺义区,urban:city:beijing,urban:reviewed:f4d5ccf91b,顺义区,,,,,,,,,,
386,1102,天津,南开区,2,geo:province:tianjin,0.6,urban:city:tianjin,0.85,geo_city_not_explicitly_mapped;low_confidence_or_missing_mapping,geo:province:tianjin,geo:reviewed:8428981a5f,南开区,urban:city:tianjin,urban:reviewed:a915c294c5,南开区,,,,,,,,,,
387,1102,天津,宝坻区,2,geo:province:tianjin,0.6,urban:city:tianjin,0.85,geo_city_not_explicitly_mapped;low_confidence_or_missing_mapping,geo:province:tianjin,geo:reviewed:4a78fcf189,宝坻区,urban:city:tianjin,urban:reviewed:949db4e1dd,宝坻区,,,,,,,,,,
388,1102,天津,蓟县,2,geo:province:tianjin,0.6,urban:city:tianjin,0.85,geo_city_not_explicitly_mapped;low_confidence_or_missing_mapping,geo:province:tianjin,geo:reviewed:cf6e3b43c1,蓟县,urban:city:tianjin,urban:reviewed:d3ca24e2b6,蓟县,,,,,,,,,,
389,1102,重庆,九龙坡区,2,geo:province:chongqing,0.6,urban:city:chongqing,0.85,geo_city_not_explicitly_mapped;low_confidence_or_missing_mapping,geo:province:chongqing,geo:reviewed:7d5431ca1a,九龙坡区,urban:city:chongqing,urban:reviewed:5a8d17cac9,九龙坡区,,,,,,,,,,
390,1102,重庆,北碚区,2,geo:province:chongqing,0.6,urban:city:chongqing,0.85,geo_city_not_explicitly_mapped;low_confidence_or_missing_mapping,geo:province:chongqing,geo:reviewed:4d3eda21c7,北碚区,urban:city:chongqing,urban:reviewed:c25f4b4768,北碚区,,,,,,,,,,
391,1102,重庆,江北区,2,geo:province:chongqing,0.6,urban:city:chongqing,0.85,geo_city_not_explicitly_mapped;low_confidence_or_missing_mapping,geo:province:chongqing,geo:reviewed:591d50b8df,江北区,urban:city:chongqing,urban:reviewed:fb31391bb8,江北区,,,,,,,,,,
392,1102,重庆,涪陵区,2,geo:province:chongqing,0.6,urban:city:chongqing,0.85,geo_city_not_explicitly_mapped;low_confidence_or_missing_mapping,geo:province:chongqing,geo:reviewed:c8ac56fe3f,涪陵区,urban:city:chongqing,urban:reviewed:6fd34f35ca,涪陵区,,,,,,,,,,
393,1102,重庆,渝中区,2,geo:province:chongqing,0.6,urban:city:chongqing,0.85,geo_city_not_explicitly_mapped;low_confidence_or_missing_mapping,geo:province:chongqing,geo:reviewed:7b04e1b26d,渝中区,urban:city:chongqing,urban:reviewed:630626c846,渝中区,,,,,,,,,,
394,1102,重庆,铜梁区,2,geo:province:chongqing,0.6,urban:city:chongqing,0.85,geo_city_not_explicitly_mapped;low_confidence_or_missing_mapping,geo:province:chongqing,geo:reviewed:da94594ce2,铜梁区,urban:city:chongqing,urban:reviewed:2223ba1c6d,铜梁区,,,,,,,,,,
395,1102,重庆,黔江区,2,geo:province:chongqing,0.6,urban:city:chongqing,0.85,geo_city_not_explicitly_mapped;low_confidence_or_missing_mapping,geo:province:chongqing,geo:reviewed:99ea313e88,黔江区,urban:city:chongqing,urban:reviewed:89879e4ce6,黔江区,,,,,,,,,,
396,1101,上海,普陀区,1,geo:province:shanghai,0.6,urban:city:shanghai,0.95,geo_city_not_explicitly_mapped;low_confidence_or_missing_mapping,geo:province:shanghai,geo:reviewed:f5cba4da0d,普陀区,urban:city:shanghai,urban:reviewed:3b90e93741,普陀区,,,,,,,,,,
397,1101,上海,长宁区,1,geo:province:shanghai,0.6,urban:city:shanghai,0.95,geo_city_not_explicitly_mapped;low_confidence_or_missing_mapping,geo:province:shanghai,geo:reviewed:e42d9d40bb,长宁区,urban:city:shanghai,urban:reviewed:a0ac379871,长宁区,,,,,,,,,,
398,1101,上海,青浦区,1,geo:province:shanghai,0.6,urban:city:shanghai,0.95,geo_city_not_explicitly_mapped;low_confidence_or_missing_mapping,geo:province:shanghai,geo:reviewed:4669871a51,青浦区,urban:city:shanghai,urban:reviewed:ec447d72a6,青浦区,,,,,,,,,,
399,1101,上海,黄浦区,1,geo:province:shanghai,0.6,urban:city:shanghai,0.95,geo_city_not_explicitly_mapped;low_confidence_or_missing_mapping,geo:province:shanghai,geo:reviewed:dde241b7ac,黄浦区,urban:city:shanghai,urban:reviewed:afe416e63c,黄浦区,,,,,,,,,,
400,1101,北京,密云区,1,geo:province:beijing,0.6,urban:city:beijing,0.95,geo_city_not_explicitly_mapped;low_confidence_or_missing_mapping,geo:province:beijing,geo:reviewed:065ef7990e,密云区,urban:city:beijing,urban:reviewed:e7e7c1027a,密云区,,,,,,,,,,
401,1101,天津,和平区,1,geo:province:tianjin,0.6,urban:city:tianjin,0.85,geo_city_not_explicitly_mapped;low_confidence_or_missing_mapping,geo:province:tianjin,geo:reviewed:870212e8bd,和平区,urban:city:tianjin,urban:reviewed:94f6dfcb3c,和平区,,,,,,,,,,
402,1101,天津,武清区,1,geo:province:tianjin,0.6,urban:city:tianjin,0.85,geo_city_not_explicitly_mapped;low_confidence_or_missing_mapping,geo:province:tianjin,geo:reviewed:697ffe6863,武清区,urban:city:tianjin,urban:reviewed:796384b68e,武清区,,,,,,,,,,
403,1101,重庆,荣昌区,1,geo:province:chongqing,0.6,urban:city:chongqing,0.85,geo_city_not_explicitly_mapped;low_confidence_or_missing_mapping,geo:province:chongqing,geo:reviewed:059db6637a,荣昌区,urban:city:chongqing,urban:reviewed:066d07b0b5,荣昌区,,,,,,,,,,
404,113,浙江,温州市,13,geo:city:wenzhou,0.95,urban:city:wenzhou,0.75,low_confidence_or_missing_mapping,geo:city:wenzhou,geo:reviewed:585abc50e4,温州市,urban:city:wenzhou,urban:reviewed:0228f0805a,温州市,,,,,,,,,,
