case_id,constraint_count,diagnostic_level,diagnostic_axis,preference_axis,requested_score_band,source_score_band,borrowed_score_band,score,finder,baseline_school,baseline_major,baseline_tier,baseline_ranking,target_school,target_major,target_year,target_min_score,target_min_rank,target_min_rank_missing,target_tier,tier_delta,ranking_gain,tuition_delta,quality_gain,outcome_gain,risk_level,score_margin
six-constrain-geo_tier-520-001,6,6-constrain,geo_tier,geo,520-549,520-549,False,520,pareto_province,浙江师范大学,生物科学(师范),2,92,贵州大学,冶金工程,2021,495,160516,False,3,1,0,,,,,25
six-constrain-geo_tier-550-002,6,6-constrain,geo_tier,geo,550-579,550-579,False,550,pareto_province,浙江师范大学,生物科学(师范),2,92,广西大学,公共事业管理,2024,542,120511,False,3,1,9,,,,,8
six-constrain-geo_tier-580-003,6,6-constrain,geo_tier,geo,580-609,580-609,False,580,pareto_province,浙江师范大学,环境科学与工程,2,92,华中农业大学,生态学,2025,579,77019,False,3,1,44,,,,,1
six-constrain-geo_tier-630-004,6,6-constrain,geo_tier,geo,610-639,610-639,False,630,pareto_province,宁波大学,思想政治教育,3,87,大连理工大学(盘锦校区),药学,2025,628,25117,False,4,1,62,,,,,2
six-constrain-geo_tier-640-005,6,6-constrain,geo_tier,geo,640-680,640-680,False,640,pareto_province,宁波大学,法学,3,87,吉林大学,物理学,2025,639,17005,False,4,1,77,,,,,1
six-constrain-major_tier-560-006,6,6-constrain,major_tier,major,520-549,550-579,True,560,major_relax,湖州师范学院,临床医学,2,387,成都中医药大学,康复治疗学,2025,553,108281,False,3,1,168,,,,,7
six-constrain-major_tier-570-007,6,6-constrain,major_tier,major,550-579,550-579,False,570,major_relax,丽水学院,临床医学,2,387,青海大学,康复治疗学,2025,570,87382,False,3,1,93,,,,,0
six-constrain-major_tier-590-008,6,6-constrain,major_tier,major,580-609,580-609,False,590,major_relax,杭州师范大学,临床医学,2,172,广州中医药大学,康复治疗学,2025,590,63134,False,3,1,0,,,,,0
six-constrain-major_tier-600-009,6,6-constrain,major_tier,major,610-639,580-609,True,600,major_relax,杭州师范大学,临床医学(仓前校区),2,172,南京中医药大学,康复治疗学,2023,592,61157,False,3,1,0,,,,,8
six-constrain-major_tier-650-010,6,6-constrain,major_tier,major,640-680,640-680,False,650,major_relax,宁波大学,临床医学(拔尖人才创新班),3,87,四川大学,医学技术类,2025,649,11548,False,4,1,75,,,,,1
six-constrain-risk_tier-590-011,6,6-constrain,risk_tier,school,520-549,580-609,True,590,single_risk,杭州医学院,临床医学(临安校区),2,706,杭州师范大学,临床医学,2025,590,63187,False,2,0,534,,,,chong,0
six-constrain-risk_tier-600-012,6,6-constrain,risk_tier,school,550-579,580-609,True,600,single_risk,杭州医学院,临床医学(临安校区),2,706,浙江中医药大学,中西医临床医学,2025,599,52787,False,2,0,407,,,,chong,1
six-constrain-risk_tier-600-013,6,6-constrain,risk_tier,school,580-609,580-609,False,600,single_risk,杭州医学院,临床医学(临安校区),2,706,浙江中医药大学,临床医学,2025,594,58239,False,2,0,407,,,,wen,6
six-constrain-risk_tier-610-014,6,6-constrain,risk_tier,school,610-639,610-639,False,610,single_risk,杭州医学院,临床医学,2,706,宁波大学,临床医学,2025,610,40934,False,3,1,619,,,,chong,0
six-constrain-risk_tier-680-015,6,6-constrain,risk_tier,school,640-680,640-680,False,680,single_risk,杭州医学院,临床医学,2,706,浙江大学医学院,临床医学,2025,673,2946,False,4,2,703,,,,chong,7
six-constrain-tuition_value-520-016,6,6-constrain,tuition_value,tuition,520-549,520-549,False,520,tuition_value,昆明理工大学,工商管理(呈贡校区),2,72,贵州大学,冶金工程,2021,495,160516,False,3,1,0,40,,,,25
six-constrain-tuition_value-550-017,6,6-constrain,tuition_value,tuition,550-579,550-579,False,550,tuition_value,昆明理工大学,金融学(呈贡校区),2,72,广西大学,公共事业管理,2024,542,120511,False,3,1,0,978,,,,8
six-constrain-tuition_value-600-018,6,6-constrain,tuition_value,tuition,580-609,580-609,False,600,tuition_value,西南大学,药学,3,37,西北农林科技大学,资源环境科学,2025,592,61052,False,4,1,0,1600,,,,8
six-constrain-tuition_value-610-019,6,6-constrain,tuition_value,tuition,610-639,610-639,False,610,tuition_value,西南大学,药学,3,37,西北农林科技大学,农学,2025,606,45285,False,4,1,0,1600,,,,4
six-constrain-tuition_value-550-020,6,6-constrain,tuition_value,tuition,640-680,550-579,True,550,tuition_value,昆明理工大学,金融学(呈贡校区),2,72,华南农业大学,水产养殖学,2024,543,118815,False,3,1,0,480,,,,7
six-constrain-major_quality-600-021,6,6-constrain,major_quality,quality,520-549,580-609,True,600,major_quality,浙江师范大学,计算机类(含计算机科学与技术(师范)、计算机科学与技术、智能科学与技术、软件工程专业),2,92,重庆邮电大学,软件工程,2025,600,51826,False,2,0,0,,22.0,,,0
six-constrain-major_quality-590-022,6,6-constrain,major_quality,quality,550-579,580-609,True,590,major_quality,浙江师范大学,"软件工程(中外合作办学)(与英国伍斯特大学合作,部分课程英文授课.要求高考外语成绩不低于90分)",2,92,哈尔滨理工大学,软件工程,2023,590,62715,False,2,0,0,,10.0,,,0
six-constrain-major_quality-590-023,6,6-constrain,major_quality,quality,580-609,580-609,False,590,major_quality,浙江师范大学,"软件工程(中外合作办学)(与英国伍斯特大学合作,部分课程英文授课.要求高考外语成绩不低于90分)",2,92,江西农业大学,软件工程,2025,566,91916,False,2,0,0,,10.0,,,24
six-constrain-major_quality-620-024,6,6-constrain,major_quality,quality,610-639,610-639,False,620,major_quality,浙江工业大学,软件工程,2,89,湘潭大学,软件工程,2025,617,34650,False,3,1,0,,17.0,,,3
six-constrain-major_quality-680-025,6,6-constrain,major_quality,quality,640-680,640-680,False,680,major_quality,浙江工业大学,软件工程,2,89,武汉大学,软件工程,2025,674,2599,False,4,2,82,,20.0,,,6
six-constrain-employment_outcome-520-026,6,6-constrain,employment_outcome,quality,520-549,520-549,False,520,employment_outcome,浙江农林大学暨阳学院,机械设计制造及其自动化,2,790,广西师范大学,工业设计,2025,513,156857,False,2,0,633,,,49.0,,7
six-constrain-employment_outcome-550-027,6,6-constrain,employment_outcome,quality,550-579,550-579,False,550,employment_outcome,丽水学院,机械设计制造及其自动化,2,387,齐鲁工业大学,工业设计,2025,549,112759,False,2,0,259,,,49.0,,1
six-constrain-employment_outcome-600-028,6,6-constrain,employment_outcome,quality,580-609,580-609,False,600,employment_outcome,宁波大学,机械设计制造及其自动化(国际贸易班),3,87,湘潭大学,工业设计,2025,600,51673,False,3,0,0,,,49.0,,0
six-constrain-employment_outcome-620-029,6,6-constrain,employment_outcome,quality,610-639,610-639,False,620,employment_outcome,宁波大学,机械设计制造及其自动化,3,87,西南交通大学,工业设计,2025,615,36544,False,3,0,48,,,49.0,,5
six-constrain-employment_outcome-650-030,6,6-constrain,employment_outcome,quality,640-680,640-680,False,650,employment_outcome,宁波大学,机械设计制造及其自动化,3,87,西安交通大学,工业设计,2025,649,11462,False,4,1,73,,,49.0,,1
